centoid,spread,skewness,kurtosis,entropy,flatness,crest,flux,slope,mean,std,moving_avg,moving_std,ema,lag_1,lag_2,lag_3,lag_4,lag_5,lag_6,lag_7,lag_8,lag_9,lag_10,lag_diff_1,lag_diff_2,lag_diff_3,lag_diff_4,lag_diff_5,lag_diff_6,lag_diff_7,lag_diff_8,lag_diff_9,lag_diff_10,powers,band_pow_0_1000,band_pow_1000_2000,band_pow_2000_3000,band_pow_3000_4000,band_pow_4000_5000,band_pow_5000_6000,band_pow_6000_7000,band_pow_7000_8000,band_pow_8000_9000,band_pow_9000_10000,band_pow_10000_11000,band_pow_11000_12000,band_pow_12000_13000,band_pow_13000_14000,band_pow_14000_15000,band_pow_15000_16000,band_pow_16000_17000,band_pow_17000_18000,band_pow_18000_19000,band_pow_19000_20000,band_pow_20000_21000,band_pow_21000_22000,band_pow_22000_23000,band_pow_23000_24000,band_pow_24000_25000,band_pow_25000_26000,band_pow_26000_27000,band_pow_27000_28000,band_pow_28000_29000,band_pow_29000_30000,peak_freqs
0.575240049773269,0.565641387599025,0.5539757435960221,0.3504194188636607,0.696984165710274,0.5253647408359061,0.48114795305162805,0.0,0.5025219658767315,0.3642636494208237,0.3239263846920565,0.09743800630956485,0.41835487,0.0,,,,,,,,,,,,,,,,,,,,,0.29444376485088514,0.06323662994452435,0.011131739162405353,0.7615805695079788,0.6986355986417949,0.43588180068014876,0.15381819739398545,0.23733220604091287,0.2711823511956657,0.2265987998263354,0.43625198013305405,0.13991117421958726,0.4814601613311147,0.09510957873335323,0.8832478438417899,0.22777858002527107,0.0,0.0,0.0,0.0,0.0,0.0,0.0,0.0,0.0,0.0,0.0,0.0,0.0,0.0,0.0,0.3258317025440313
0.526561622920279,0.20144232648164528,0.4825010707416297,0.7375542566997556,0.5217467614255035,0.30704507638657735,0.233598247528566,0.8227949514125575,0.6733639098177395,0.6437257563617138,0.580800374131321,0.25105083243523174,0.3454749,0.007946797060086915,,,,,,,,,,,,,,,,,,,,,0.5633809778339858,0.15263918631868217,0.15504831515919615,0.47544592691057186,0.5889969571023737,0.5233539874480458,0.21719092722618927,0.33412847077058905,0.402037267732386,0.475152791477856,0.5483298933047425,0.2689533203187027,0.4681826500484919,0.11381437708105024,0.8907356919783398,0.20451360852740225,0.0,0.0,0.0,0.0,0.0,0.0,0.0,0.0,0.0,0.0,0.0,0.0,0.0,0.0,0.0,0.036203522504892366
0.5929847464159572,0.32513950982042966,0.38118997156131695,0.5946208625963159,0.5484196207101585,0.4335787739470844,0.27425778743571666,0.6001869624117021,0.6804322612042966,0.5931504201967617,0.5358917728119615,0.0,0.23983464,0.015927241169550313,,,,,,,,,,,,,,,,,,,,,0.5136362054142701,0.1444969309628862,0.21380531554217616,0.5273202327165757,0.6527386848014615,0.3020276937802081,0.12409176780957228,0.2441708052439858,0.36850733247350703,0.39680017764815134,0.7449609332764502,0.40130765500611826,0.31041013897377845,0.34491961799753335,0.8429051928258866,0.1495368455154309,0.0,0.0,0.0,0.0,0.0,0.0,0.0,0.0,0.0,0.0,0.0,0.0,0.0,0.0,0.0,0.30919765166340507
0.5869693879056436,0.054788975315278717,0.20583076631603575,0.9246801596149179,0.21501659136342774,0.014159616461797388,0.1715994136431783,0.7128895626841057,0.7704364313351073,0.721771695784298,0.7104475091776857,0.186315514731882,0.65556216,0.02385272402625192,,,,,,,,,,,,,,,,,,,,,0.6970820547416228,0.13921959134873663,0.07488857376848725,0.8216866279384895,0.4070412408334102,0.29252678103911617,0.10190956055050548,0.2411581577472246,0.2918356118996792,0.6054639109455372,0.8363623462283124,0.45134262892133453,0.2831766787955903,0.3660329246737514,0.5662807790678124,0.20586445481352522,0.0,0.0,0.0,0.0,0.0,0.0,0.0,0.0,0.0,0.0,0.0,0.0,0.0,0.0,0.0,0.9784735812133072
0.295121699350421,0.10417761385986521,0.4995967071449475,0.859379268411951,0.28950396531754535,0.22018966514054794,0.12553064885997386,0.6389978663262768,0.6099360624997158,0.7824749059581178,0.7931968430932805,0.5094751940442952,0.68155015,0.031842383776221214,,,,,,,,,,,,,,,,,,,,,0.7886369728853017,0.12441766562229326,0.19076332267691207,0.6130993454778522,0.42220014332035827,0.4913260560466613,0.638495828705237,0.49161811092128926,0.20289591480733474,0.719491316491012,0.7641067561080567,0.3514841152940541,0.22911737447197564,0.33026916711608767,0.35163255087263123,0.4226777775628119,0.0,0.0,0.0,0.0,0.0,0.0,0.0,0.0,0.0,0.0,0.0,0.0,0.0,0.0,0.0,0.12622309197651663
0.4895233385211945,0.49494303167813447,0.4988402650301954,0.4179613850260818,0.8218349959266962,0.7500802296879389,0.27582471821952187,0.7933031497775703,0.6029119770004974,0.578502626537574,0.4642313016319866,0.037279141521326394,0.39154086,0.03989582980120762,,,,,,,,,,,,,,,,,,,,,0.45025994678210846,0.0,0.3401145692247643,0.7131027153523238,0.549973069062457,0.417297431773056,0.5597231848101146,0.3077232752226869,0.07077448928146661,0.3837815922727186,0.6963471701761628,0.577945877401581,0.24625497144775527,0.40490453607114146,0.5582552993805079,0.46660704428679833,0.0,0.0,0.0,0.0,0.0,0.0,0.0,0.0,0.0,0.0,0.0,0.0,0.0,0.0,0.0,0.9500978473581213
0.5839485186786147,0.3275563753646678,0.5468081974675087,0.591953473622265,0.593546585223725,0.4860341557729742,0.1953553755559468,0.7109907038730982,0.7392475303082386,0.6818447472878493,0.6141353584417479,0.12143554269854048,0.66691816,0.04779385485780405,,,,,,,,,,,,,,,,,,,,,0.6010906809645005,0.04245428166640908,0.18175873005978277,0.5323569054562526,0.5768121258296702,0.5461842172603325,0.5768132230897791,0.3331020438799778,0.11685055471171156,0.528871620711606,0.7946939258362433,0.46977675423890636,0.23044011125871577,0.2623753744021398,0.7171753228664802,0.653891885046815,0.0,0.0,0.0,0.0,0.0,0.0,0.0,0.0,0.0,0.0,0.0,0.0,0.0,0.0,0.0,0.9422700587084148
0.15901696975705337,0.46302062875055955,0.7207680029938064,0.44957168232196376,1.0,1.0,0.07467658673513167,0.9027786694155276,0.5527806335887019,0.8451281355204372,0.6105114858392763,0.10250886434149364,0.40863475,0.05573864783884098,,,,,,,,,,,,,,,,,,,,,0.6354851039428844,0.042636322066851536,1.0,0.8509890801611875,1.0,1.0,0.823742154218872,0.4229676728373223,0.3565247206809811,0.5477420936241004,0.5413018551999034,0.596878586114747,0.4654292454785,0.24371440226516566,0.9138908520163547,0.6773098138241557,0.0,0.0,0.0,0.0,0.0,0.0,0.0,0.0,0.0,0.0,0.0,0.0,0.0,0.0,0.0,0.0009784735812133072
0.8842611429487509,0.3671608047412819,0.29306573557421506,0.5488959611766826,0.3796088655726207,0.36946342768880885,0.2470004933244028,0.7069805415181833,0.8973152723051027,0.6271935607426413,0.691443853050854,0.2635067349864504,0.33121744,0.06369675340884863,,,,,,,,,,,,,,,,,,,,,0.6586146640342502,0.16121627478181805,0.2482701841478602,0.36692256139734203,0.7030811989306364,0.36397972291417385,0.09509897026572359,0.10965652691679982,0.26059162032660815,0.5991195353177807,0.6616432170568496,0.7717715922841356,0.37234258158732153,0.31102468636920094,1.0,0.5856777129695132,0.0,0.0,0.0,0.0,0.0,0.0,0.0,0.0,0.0,0.0,0.0,0.0,0.0,0.0,0.0,0.2720156555772994
0.8313739751286097,0.30509401886018694,0.28468011906630614,0.616923813022707,0.17141306502424208,0.14945414656031378,0.2792233782749163,0.5267977532995322,0.8390664260505116,0.597858348395686,0.7273334577353334,0.0412917316176844,0.7152614,0.07169052441939681,,,,,,,,,,,,,,,,,,,,,0.6853458075713798,0.2740228287352931,0.18340789675898084,0.32239335919785417,0.5209256741366475,0.3354401452268194,0.07403163590915357,0.12350619538821854,0.2275442998179623,0.6356328840843162,0.6781441689528327,0.5605184596716174,0.359881900101069,0.25992652450921183,0.9707553198021232,0.4560435849500749,0.0,0.0,0.0,0.0,0.0,0.0,0.0,0.0,0.0,0.0,0.0,0.0,0.0,0.0,0.0,0.022504892367906065
0.6159287013694823,0.4293138201226086,0.42482022019862764,0.48372985410678454,0.33527649849746527,0.39234176134600146,0.3528929684884114,0.7536286691669846,0.6321479105045579,0.5075396334831871,0.6195040005901492,0.4603471675348996,0.8441245,0.07964441525350918,,,,,,,,,,,,,,,,,,,,,0.5683877827100359,0.20139661768197453,0.3496821412266523,0.3931029546157189,0.6400468714529338,0.33407593810512226,0.049257303305836664,0.1365552624952181,0.277057488872798,0.5595302441425231,0.31013464349909253,0.49338328388801433,0.2554112577174963,0.3416784480918473,0.881967954716362,0.3259614806561423,0.0,0.0,0.0,0.0,0.0,0.0,0.0,0.0,0.0,0.0,0.0,0.0,0.0,0.0,0.0,0.2857142857142857
0.5221510902072464,0.5521097648305565,0.37047316489902654,0.36309055583843847,0.5551780280839603,0.6872092118059856,0.3912227759000509,0.7654484204441774,0.5461283221118385,0.46920891622238786,0.5026520513361726,0.24891878836676534,0.19935443,0.08768466184115854,,,,,,,,,,,,,,,,,,,,,0.4595269074607222,0.24840766601491254,0.3089847550615119,0.7436564735939272,0.5936602774144164,0.31421021683900346,0.1834009013259532,0.13238289490922917,0.4703326246197982,0.35977519993276375,0.5443184093478828,0.2937874068470846,0.26875523116458366,0.32800544433765244,0.6221671279421649,0.2634505448132789,0.0,0.0,0.0,0.0,0.0,0.0,0.0,0.0,0.0,0.0,0.0,0.0,0.0,0.0,0.0,0.007827788649706457
0.7142971670027944,0.48028490821344555,0.23005146493661194,0.4323881399650156,0.48934952476362364,0.3795640438109059,0.42606672051307376,0.6274606215394668,0.6351846304102234,0.43101795262847675,0.429590711717575,0.29633127628213884,0.38724682,0.09568691339849164,,,,,,,,,,,,,,,,,,,,,0.39136565370982646,0.21869962413418265,0.3747677022061798,0.37991999473524724,0.46440109966551524,0.09233367345170845,0.13583548609541016,0.12216131602695213,0.47303772136220157,0.2625286994688293,0.6868464870718243,0.10004101060880677,0.27178593221831565,0.4049584060859957,0.4297722982669052,0.32384887513069144,0.0,0.0,0.0,0.0,0.0,0.0,0.0,0.0,0.0,0.0,0.0,0.0,0.0,0.0,0.0,0.02054794520547945
0.3459394853888945,0.3323106196252799,0.6444729058898581,0.586719915837664,0.7789755926080141,0.49106142087407634,0.252642450469495,0.6764993873277844,0.5344804701131621,0.615072802221585,0.4525736239091928,0.19093179312744613,0.54697037,0.10365526099835383,,,,,,,,,,,,,,,,,,,,,0.44851450286458044,0.09293322491037459,0.2659335918731115,0.5217651675496825,0.6845399015977185,0.22642563865599585,0.8391087837793036,0.5509562068117956,0.5749753606017299,0.30524754524562264,0.4710827414867337,0.08043634569874847,0.5872719709706886,0.2881683625781823,0.34984889679693654,0.3365845971931395,0.0,0.0,0.0,0.0,0.0,0.0,0.0,0.0,0.0,0.0,0.0,0.0,0.0,0.0,0.0,0.06555772994129158
0.5909870219598096,0.3967709731249847,0.5008448311528366,0.5174909607647363,0.7831234854524727,0.4974171110057023,0.2688303739892686,0.6489855303126694,0.6795649346235538,0.5937392486046112,0.46318212889495697,0.1920637283662399,0.35372245,0.11163131181322866,,,,,,,,,,,,,,,,,,,,,0.4526553059481682,0.07593405144461764,0.2503915524657621,0.3861044156368798,0.42187874257788843,0.1996971243975443,0.8205887008234164,0.5075197800045389,0.5115900412062447,0.30458648462258536,0.5560277478458304,0.36489452225928726,0.6780162543952637,0.38852853174704827,0.3199230718698594,0.3878487255590269,0.0,0.0,0.0,0.0,0.0,0.0,0.0,0.0,0.0,0.0,0.0,0.0,0.0,0.0,0.0,0.860078277886497
0.6463884642762072,0.4318067854418355,0.4238376949517544,0.4811755436528897,0.8679587791959252,0.6344067250481388,0.2400721641468021,0.661547625169321,0.7458130341825145,0.6342550081944535,0.4503223519772499,0.13002158753960877,0.49179786,0.11958945195006285,,,,,,,,,,,,,,,,,,,,,0.4508391122336498,0.15080138103015234,0.21798974986014052,0.33239251104073775,0.5628705312924587,0.153577586678169,0.8149183618571877,0.5143765959348485,0.21534292852218664,0.2943713585306408,0.8994890880482862,0.5991642150598547,0.7018004877586839,0.4106401391959609,0.22837696074077712,0.4365210231010657,0.0,0.0,0.0,0.0,0.0,0.0,0.0,0.0,0.0,0.0,0.0,0.0,0.0,0.0,0.0,0.9657534246575342
0.4143491002815876,0.3314019958670139,0.5017827682664024,0.5877187647305598,0.7899302873331273,0.5257856990849221,0.2194340137968364,0.806444863498921,0.602733871196252,0.6493453095916832,0.4805147159290617,0.030897987139202013,0.44496882,0.12755586103727679,,,,,,,,,,,,,,,,,,,,,0.4791219279388419,0.02802206355057469,0.22163241798751848,0.40570592789934123,0.6294269079417704,0.3282116406095281,0.8211122726760155,0.5176087577009608,0.3579671033486965,0.35404252037521045,0.5851326681011016,0.7408614873103938,0.682092816403821,0.2711168400481807,0.207935748586129,0.29099513732291143,0.0,0.0,0.0,0.0,0.0,0.0,0.0,0.0,0.0,0.0,0.0,0.0,0.0,0.0,0.0,0.07632093933463796
0.8324619462329808,0.4393330695007076,0.06071725610528197,0.4734913367922242,0.46403685285921187,0.33004404192701975,0.4150058987960246,0.5924531827976384,0.7079965856384022,0.4326666776413577,0.42362140478798027,0.21841123531571405,0.38395882,0.135473685697355,,,,,,,,,,,,,,,,,,,,,0.38684755898976103,0.10136584722930748,0.1238063838072958,0.17557043435781064,0.4148052601254491,0.26245114127384495,0.04958295069715583,0.07051602439829333,0.2468366752451876,0.30212989387974204,0.6631929304446879,0.647952346619724,0.40642330707106933,0.367296457973844,0.24110355342440795,0.22307681358383522,0.0,0.0,0.0,0.0,0.0,0.0,0.0,0.0,0.0,0.0,0.0,0.0,0.0,0.0,0.0,0.1506849315068493
0.7301223097265136,0.3971479492363293,0.14367297105649818,0.5170953886463058,0.5179368780060811,0.3423840287485269,0.37797365308879227,0.6329424527511301,0.6847437461915306,0.4829752016721502,0.41794310764682074,0.2751727002028177,0.44255957,0.14347874761064947,,,,,,,,,,,,,,,,,,,,,0.3924336714613053,0.2408254597828574,0.24427241919013584,0.439987430711418,0.4601261830674243,0.25296717546181674,0.0927779344988783,0.08301585936551645,0.3527984363266072,0.2459204378778058,0.9150346434732544,0.3871516095659418,0.33098123137863994,0.3072005952614279,0.21107935282067675,0.29044280872429606,0.0,0.0,0.0,0.0,0.0,0.0,0.0,0.0,0.0,0.0,0.0,0.0,0.0,0.0,0.0,0.0
0.26803463337502853,0.34067488427252046,0.5807234983786764,0.5775556188857184,0.5584050621420823,0.42913590457982687,0.35495377662315314,0.7691931924505596,0.4149363544766363,0.508495123491012,0.47278001559410704,0.37674657524362193,0.370449,0.15146505547005912,,,,,,,,,,,,,,,,,,,,,0.44262287401848854,0.23591807493289615,0.36365764321549426,0.5732249595339471,0.40676740352524704,0.39463044694471905,0.22170813744316925,0.29134861600784945,0.5397335789517549,0.35254053539461366,0.36189616161261007,0.08843200449477479,0.2501808547473509,0.12858687064139,0.45470676227548185,0.2941470314300125,0.0,0.0,0.0,0.0,0.0,0.0,0.0,0.0,0.0,0.0,0.0,0.0,0.0,0.0,0.0,1.0
0.36556594122178104,0.37224467364904823,0.5458077982035558,0.5434566694857276,0.6755583449113318,0.45381005991810536,0.3281688666583089,0.7527901144952049,0.4999162608171353,0.5441908767881443,0.4364153912364535,0.2844170135478534,0.25322488,0.15948528143516913,,,,,,,,,,,,,,,,,,,,,0.420143772851669,0.3103759683442527,0.30082337227995287,0.607045222054478,0.42076219145485283,0.40258599698550507,0.1853594412404863,0.3067832557204908,0.4410083308752703,0.3255443040999878,0.4418781672763584,0.1262996548704951,0.30424252265353074,0.36729655523450255,0.8318259072760865,0.20945086694728826,0.0,0.0,0.0,0.0,0.0,0.0,0.0,0.0,0.0,0.0,0.0,0.0,0.0,0.0,0.0,0.2054794520547945
0.5447800040225821,0.3676441612691403,0.5179292256322315,0.5483779623987507,0.6989010507362904,0.4294773224124314,0.29680965890059385,0.6104993462431638,0.6371786056452183,0.5765396685588126,0.41867347186728243,0.3656265102958408,0.5552105,0.16748504559467475,,,,,,,,,,,,,,,,,,,,,0.4125790554083109,0.2632187082912789,0.4429270340832482,0.8051700415638361,0.28870519498397373,0.2724292591382613,0.19510202160364581,0.3246301555367495,0.4628145396500377,0.28303936468030166,0.5807741593356389,0.28932827042219983,0.46693907511812294,0.306053383865197,0.7842832889100096,0.3386056837676935,0.0,0.0,0.0,0.0,0.0,0.0,0.0,0.0,0.0,0.0,0.0,0.0,0.0,0.0,0.0,0.14285714285714285
0.5888800481858988,0.5284417251614429,0.7593478285708163,0.38554257109136814,0.7814151521222079,0.5478356338762327,0.35727881962824753,0.6129962869294125,0.6165304729041261,0.5093440150264263,0.39275539570715656,0.41145645421952837,0.5609803,0.175497394838,,,,,,,,,,,,,,,,,,,,,0.37761538969814984,0.28223209109603503,0.2449217398101426,0.6704460602734414,0.3788584189528626,0.3462227240517032,0.28937055110385096,0.4418931113570435,0.2961622351763018,0.3167165094820159,0.24944705670880024,0.563823828715928,0.5093741081638917,0.34309239124927515,0.9431166693589104,0.4474680296650749,0.0,0.0,0.0,0.0,0.0,0.0,0.0,0.0,0.0,0.0,0.0,0.0,0.0,0.0,0.0,0.13111545988258316
0.999225755439086,0.5016026326353573,0.4464951451111279,0.41145576759947805,0.6584589597414666,0.41989564581697447,0.3392234177278929,0.7342212919197509,0.8832729577480503,0.52073609386453,0.41964992111112503,0.3605128138776816,0.19590573,0.18355493307019827,,,,,,,,,,,,,,,,,,,,,0.40161067722491467,0.17434801683685158,0.2399958702322684,0.38057503536845416,0.33608155945972995,0.2488940122513823,0.1692794057525797,0.19201810110801973,0.24665524437230157,0.34543872674687026,0.38231898848915125,0.7231295026288926,0.6599041121677001,0.753844045829625,0.8053099215902964,0.37325304302456086,0.0,0.0,0.0,0.0,0.0,0.0,0.0,0.0,0.0,0.0,0.0,0.0,0.0,0.0,0.0,0.13992172211350293
0.9978548551942072,0.566649737802716,0.30513855125009537,0.3494799526285057,0.6575090811204584,0.4311693698202443,0.41331814028520036,0.605633149248832,0.8132787926122308,0.43875565323253274,0.35510403100726534,0.23024991709813128,0.25130883,0.19157124536826362,,,,,,,,,,,,,,,,,,,,,0.33341100734506873,0.14856615253256378,0.1710763272240475,0.3914824292683795,0.3708429501600911,0.19060889002036494,0.1467157536212778,0.1865737613538207,0.0002208772966223721,0.2795477711077974,0.6178794305311665,0.7199609401232775,0.6227581392549891,0.6079411794499188,0.4651543557953355,0.37052232118137496,0.0,0.0,0.0,0.0,0.0,0.0,0.0,0.0,0.0,0.0,0.0,0.0,0.0,0.0,0.0,0.8825831702544031
0.6648917133369786,0.5381660811764368,0.3716606554062033,0.3762729804059695,0.5792380025264272,0.4886277626055851,0.4243855354272582,0.6588723874758088,0.6120145389542436,0.43996309533924044,0.4003579650832417,0.12434011725789047,0.6569832,0.19953719382287224,,,,,,,,,,,,,,,,,,,,,0.3695488468813385,0.3147465245620328,0.2136148697643856,0.34043385173652996,0.5056865443428216,0.3203335017102427,0.20584194835464534,0.19159543571455948,0.0,0.36119341069678207,0.4085921715490894,0.5559644125781962,0.3978181776625585,0.43700431392351285,0.3885986889488466,0.3026920731872218,0.0,0.0,0.0,0.0,0.0,0.0,0.0,0.0,0.0,0.0,0.0,0.0,0.0,0.0,0.0,0.32778864970645794
0.801373515305669,0.3319449737964575,0.0842171677032446,0.5871217914718813,0.32778952617140805,0.27692596571943584,0.3793114753293457,0.6091960100333075,0.7169279766737497,0.46783761740835494,0.5315686213389639,0.29367809270370937,0.29172546,0.2075001626671967,,,,,,,,,,,,,,,,,,,,,0.48374734886702925,0.0674552211194708,0.10138305153094669,0.12311805884692843,0.29249172143766267,0.16499781806732244,0.07464484090491272,0.08437162170128018,0.016221343616587586,0.48177234618363574,0.5555653485810043,0.41444126698724215,0.3121642617267756,0.4262751318724985,0.26756730161430653,0.17377502724047336,0.0,0.0,0.0,0.0,0.0,0.0,0.0,0.0,0.0,0.0,0.0,0.0,0.0,0.0,0.0,0.1487279843444227
0.7091494402745422,0.46395377537204624,0.004268537726067723,0.4486375505023047,0.5670312743503684,0.4103637130976185,0.4885473373848879,0.6779664390346073,0.5849003452508758,0.3692599585122234,0.3626474628708966,0.46060227711365676,0.29843956,0.2155200640324766,,,,,,,,,,,,,,,,,,,,,0.32561027801511344,0.23328185874040758,0.27163347985603065,0.2369511806197053,0.3187651668358455,0.08911162846211146,0.09659919020380749,0.06966373773656796,0.14218423400867247,0.242131373005366,0.7654625724762913,0.4439856167913494,0.19853759470757437,0.16162759751696026,0.16260602302812874,0.1432072397334583,0.0,0.0,0.0,0.0,0.0,0.0,0.0,0.0,0.0,0.0,0.0,0.0,0.0,0.0,0.0,0.10567514677103718
0.43765479104242394,0.5122818014615004,0.2692944441668689,0.40108668792997537,0.6384159886504946,0.5230049231464725,0.5023026137077705,0.5527976375317911,0.4149745541078368,0.3543534178770683,0.3266569553852963,0.02717325851633245,0.5878611,0.22350744918664425,,,,,,,,,,,,,,,,,,,,,0.29463665588593174,0.21325727560449922,0.2457104425335982,0.40520368896662634,0.2895789161114012,0.10764262777184605,0.1223292553006618,0.11700169583439475,0.30874732488272205,0.22320437498813378,0.46446749999683284,0.45666873210373427,0.10371748711615741,0.1912716506193063,0.21687090929389663,0.22474044826211026,0.0,0.0,0.0,0.0,0.0,0.0,0.0,0.0,0.0,0.0,0.0,0.0,0.0,0.0,0.0,0.38943248532289626
0.3593315536618383,0.3609488787003211,0.37056541945344196,0.5555690443627869,0.8332310997923278,0.6388153395976012,0.2958590509357147,0.6226195196289271,0.5112654238553047,0.5671362874084275,0.4145076556088214,0.2932088617529254,0.25575736,0.2314574756274007,,,,,,,,,,,,,,,,,,,,,0.4072106851533645,0.1512412204811537,0.289020180973228,0.3147027920671526,0.35693363860975613,0.323180732816883,0.8538220096667831,0.17965784207435578,0.4195302250474897,0.281270380351454,0.6423403501791787,0.6863451736617792,0.24343390630661546,0.41605921010845537,0.2571108433811795,0.17539774183313403,0.0,0.0,0.0,0.0,0.0,0.0,0.0,0.0,0.0,0.0,0.0,0.0,0.0,0.0,0.0,0.8913894324853229
0.4627972708843501,0.42764212200030505,0.33066565799825326,0.4854452150656654,0.926956948225897,0.5957237217175871,0.33998442917080596,0.7068053403513652,0.5543628242585943,0.5335387325085039,0.31556071564277166,0.44349153545770437,0.14268792,0.23948417480081238,,,,,,,,,,,,,,,,,,,,,0.32212843573192795,0.35406654104410556,0.31525469109524257,0.5122076475333571,0.32632629929726453,0.35573586796299483,0.8082951893400296,0.23661967649518667,0.3552955948637979,0.17043968244241772,0.7423535037756177,0.6906420166980624,0.2525686224436136,0.5019843531811783,0.31577152960856125,0.13529211076918804,0.0,0.0,0.0,0.0,0.0,0.0,0.0,0.0,0.0,0.0,0.0,0.0,0.0,0.0,0.0,0.02837573385518591
0.3151512806836402,0.37241698681932234,0.6725064901461606,0.5432726552691729,0.8166591144642376,0.5792796140359034,0.2956544761974006,0.7084651702507972,0.4897767561696906,0.5776633715980068,0.408861509795352,0.36872672393959083,0.5994811,0.24752870963586673,,,,,,,,,,,,,,,,,,,,,0.40489879362760833,0.26912393139646834,0.1420268040416781,0.5837034265556508,0.26149453821035784,0.3294508981860894,0.8466594553512822,0.38816786510872,0.4713335626098854,0.27200086793487277,0.5297782400637426,0.4904814142528673,0.13424454139675931,0.561075218375482,0.48927041141716054,0.32257506985602424,0.0,0.0,0.0,0.0,0.0,0.0,0.0,0.0,0.0,0.0,0.0,0.0,0.0,0.0,0.0,0.12426614481409001
0.40225567927332095,0.1399288350628958,0.4981478805377755,0.8135818948119855,0.594153778175205,0.2626348259076696,0.14563179863747452,0.7718889842168025,0.6865611875284937,0.7845904482639298,0.6263038276244891,0.30215347598817954,0.38864192,0.25554887043475627,,,,,,,,,,,,,,,,,,,,,0.6352626129382422,0.4665200028519499,0.2176915849748667,0.3297908185125401,0.2297489127554202,0.3370740534059713,0.828665591627415,0.471830928567277,0.4779102744763202,0.48614115547777714,0.6742644330011859,0.8372254939341569,0.4202549977485536,0.7235038799883287,0.26542574445947775,0.2931351522069384,0.0,0.0,0.0,0.0,0.0,0.0,0.0,0.0,0.0,0.0,0.0,0.0,0.0,0.0,0.0,0.15362035225048923
0.8273166924772544,0.20616815654387516,0.2173671677371998,0.7318540587206532,0.5533014871889375,0.1015629467347898,0.2063708003309329,0.6689078149774613,0.9130380816512306,0.6940680036002562,0.5534741466321899,0.5025137802214564,0.5762942,0.2635679419225833,,,,,,,,,,,,,,,,,,,,,0.5508576617578409,0.35367805987678524,0.1472468046711577,0.42268408078370145,0.1907059694774312,0.25769276772170685,0.09084538560993222,0.3980471188939312,0.3782426563891771,0.36736742701448755,1.0,0.743109170862647,0.4267305008662532,0.7114688691588831,0.29094858552667324,0.2861365835153904,0.0,0.0,0.0,0.0,0.0,0.0,0.0,0.0,0.0,0.0,0.0,0.0,0.0,0.0,0.0,0.33268101761252444
0.6199982139693271,0.14994698843792703,0.4560904238110751,0.800964227175954,0.5547838255794386,0.22341130274998228,0.16313578057860076,0.704114829660554,0.8202759107001146,0.7585816813374625,0.6541022840768733,0.5819995947285859,0.6116788,0.27163753241696376,,,,,,,,,,,,,,,,,,,,,0.6541333963770233,0.4379779612233081,0.17369885056427956,0.41995569981636766,0.14483572104694978,0.2333835261547835,0.16209401724742856,0.39875679783487367,0.6343199997923817,0.47320915913007244,0.7736113060656692,0.614440395024534,0.5764355158450595,0.5353779724577555,0.4308637391754094,0.35374319226975837,0.0,0.0,0.0,0.0,0.0,0.0,0.0,0.0,0.0,0.0,0.0,0.0,0.0,0.0,0.0,0.14090019569471623
0.5810761913183724,0.13434237655487455,0.30470918962618443,0.8206585548374207,0.47221145134134324,0.29849145576063013,0.11901251843827648,0.7906912622966362,0.8410429970515997,0.8242309750381422,0.7399367453911919,0.33973539829429783,0.36998305,0.2797040078383183,,,,,,,,,,,,,,,,,,,,,0.7481274752945047,0.49446256683311446,0.3199678627564219,0.4848545848468878,0.2220363595990863,0.2823858467044388,0.2386682015743764,0.2920665874498367,0.6183389980863175,0.5916942439810924,0.7562707885914076,0.6906162367535699,0.6115237494356337,0.4885156443966835,0.5446984901369603,0.193783515096024,0.0,0.0,0.0,0.0,0.0,0.0,0.0,0.0,0.0,0.0,0.0,0.0,0.0,0.0,0.0,0.9843444227005871
0.7577591119589167,0.15498611471543403,0.10162972172590067,0.7946526913045755,0.3808348797591596,0.16459582967517336,0.23413477481805844,0.826477801092639,0.8320456012441407,0.6504878052197488,0.5963606310250236,0.5569002943560517,0.6773732,0.28772160608617436,,,,,,,,,,,,,,,,,,,,,0.5784809784852258,0.24850961889781834,0.1229148386641054,0.2672582587877111,0.19885995679474475,0.22885658418524288,0.14207989964104764,0.1639088559565052,0.4881790448391255,0.42537013088955183,0.8872572766092384,0.37843654853798003,0.538736054562919,0.4189796223698828,0.5043879444951894,0.07581469339739345,0.0,0.0,0.0,0.0,0.0,0.0,0.0,0.0,0.0,0.0,0.0,0.0,0.0,0.0,0.0,0.05283757338551859
0.39308130152990434,0.11400455778626743,0.308725170604091,0.8466698688574771,0.37454366374626463,0.24252284867841423,0.2296231776314668,0.7350328460416663,0.598131469612732,0.6634478327029159,0.6374122942049034,0.38502333742185374,0.6330174,0.2958107817431646,,,,,,,,,,,,,,,,,,,,,0.6177085892029708,0.3334829064477959,0.12842867208810615,0.183547122319056,0.13997048491033068,0.2085509247547243,0.3098069691097575,0.20054013869412265,0.5382940153648874,0.5434922069426836,0.41043224578129717,0.2109474211117231,0.38814724020246855,0.39229457002824747,0.5243065530003844,0.02870239851080058,0.0,0.0,0.0,0.0,0.0,0.0,0.0,0.0,0.0,0.0,0.0,0.0,0.0,0.0,0.0,0.136986301369863
0.3806855048833647,0.1609402506231997,0.4811065542463722,0.7872252314132707,0.5210633606179493,0.2848278669955317,0.22655783380911626,0.9194934738245731,0.5930566235541799,0.6682276281577764,0.58644536383077,0.3008757194348886,0.31844315,0.30384469854292057,,,,,,,,,,,,,,,,,,,,,0.5737114652043807,0.34479162449820605,0.050071531061579536,0.1626445516068152,0.05964436058872174,0.20170922423252605,0.6315738209112515,0.49869217100034713,0.38169836358867354,0.4759928417070927,0.5352838794331385,0.2649472691651806,0.2299632503045541,0.5741335431461494,0.5481628087705789,0.08499132456401745,0.0,0.0,0.0,0.0,0.0,0.0,0.0,0.0,0.0,0.0,0.0,0.0,0.0,0.0,0.0,0.9765166340508806
0.6774583424526619,0.334638218232915,0.42752037262812725,0.5841641597650438,0.7761163410756109,0.3845773285151674,0.30230417191822434,0.6705773289953071,0.7165448929776913,0.56829228054855,0.3896328926899338,0.38749075883305434,0.53906,0.31185445039476983,,,,,,,,,,,,,,,,,,,,,0.3874908567159737,0.24214369204607394,0.05640620291819314,0.27959497114727494,0.012790565870745993,0.1765176002884549,0.5718751229223564,0.42627561441487594,0.240823270748849,0.2708584917409112,0.6655195012860391,0.29740522990363744,0.6112428691053179,0.6193773326811082,0.5436001346753113,0.1392495312321939,0.0,0.0,0.0,0.0,0.0,0.0,0.0,0.0,0.0,0.0,0.0,0.0,0.0,0.0,0.0,0.043052837573385516
0.36829169108314713,0.34045514568554813,0.5444198927210049,0.5777956726284887,0.630473853789625,0.4677011145595669,0.2590858031602216,0.7895187772969103,0.5589426520662111,0.6297086234692691,0.5270142955651457,0.3774329123066098,0.45188618,0.3198815930997842,,,,,,,,,,,,,,,,,,,,,0.5139776612266317,0.3678994836558826,0.3218384246318493,0.7884725444281053,0.0882106912935664,0.29913245286629203,0.6257651456121571,0.4863364670607597,0.21780605537315545,0.44015180789580777,0.5321357279491871,0.1991539983300022,0.4635634678737245,0.37501855921970545,0.5925928786601745,0.23465257903852169,0.0,0.0,0.0,0.0,0.0,0.0,0.0,0.0,0.0,0.0,0.0,0.0,0.0,0.0,0.0,0.13209393346379647
0.6543724913367677,0.16383511216827004,0.42358999928896557,0.7836257934159119,0.5041718836592993,0.3174530699174056,0.11004920337254119,0.922869649836246,0.8858294292122791,0.8142183940190091,0.7239503694692907,0.3418751512789426,0.2869291,0.327896890966377,,,,,,,,,,,,,,,,,,,,,0.730895088353496,0.23622704282296422,0.3050954067334172,0.8591732796484066,0.13704220604082382,0.23904780481981194,0.4618682054236321,0.4986377733607126,0.336885268138622,0.6027672063713276,0.8412568307997541,0.47117617312841037,0.6361088840706042,0.4966872250679138,0.6373937491019868,0.3591569495520481,0.0,0.0,0.0,0.0,0.0,0.0,0.0,0.0,0.0,0.0,0.0,0.0,0.0,0.0,0.0,0.2759295499021526
1.0,0.27843191987396804,0.07184958364208138,0.6470923791644652,0.40310056604260636,0.28076921095896595,0.22116611946592732,0.7076568092485905,1.0,0.6584849537036038,0.6332903929200061,0.27042948481997836,0.6639723,0.33589921523717303,,,,,,,,,,,,,,,,,,,,,0.6129308741638101,0.15389761396228,0.3548707524145229,0.7054998612102433,0.12266763424238727,0.20310989917446023,0.12615271315754842,0.1211451889611586,0.18985370079056896,0.5256520049661025,0.8303382094291385,0.7529007851728914,0.9108103880095118,0.36963180603292245,0.6362784642493965,0.34699201794402984,0.0,0.0,0.0,0.0,0.0,0.0,0.0,0.0,0.0,0.0,0.0,0.0,0.0,0.0,0.0,0.14187866927592954
0.7711979582360308,0.1527579030577459,0.19492847504886837,0.7974406496220171,0.31825901809301693,0.14724276726885788,0.21037766260911386,0.6200050678643863,0.8625904909900924,0.6781516015581068,0.6735202277559889,0.3403323273284705,0.8389544,0.3438822540917323,,,,,,,,,,,,,,,,,,,,,0.6534996671422798,0.22071167334040048,0.21163670170533558,0.7577529918266798,0.1424438925042941,0.19864069591144845,0.0959781634085937,0.13667135984434245,0.41211603371601635,0.5762970126844936,0.5818772641323404,0.5911942034375152,0.6534937897673673,0.3145195642901442,0.676045728952937,0.2193967201050014,0.0,0.0,0.0,0.0,0.0,0.0,0.0,0.0,0.0,0.0,0.0,0.0,0.0,0.0,0.0,0.14187866927592954
0.6187552028581612,0.1095482429625156,0.23311114148644463,0.8524218409869467,0.2335446196735804,0.17812571504229552,0.16010361115717306,0.853660615520015,0.7986787949015599,0.730522362498124,0.7915386283184048,0.23521419651865796,0.2102863,0.3519044671933412,,,,,,,,,,,,,,,,,,,,,0.7751252406526488,0.07261856382721803,0.13923919616141878,0.5147234363039944,0.1476304345387464,0.40319013651450003,0.19053094979195415,0.23276855939692986,0.36997702255430337,0.723137702440414,0.5357818147835863,0.7224937814275519,0.6066945568831834,0.3575073510882464,0.6684877443914413,0.23040608096605267,0.0,0.0,0.0,0.0,0.0,0.0,0.0,0.0,0.0,0.0,0.0,0.0,0.0,0.0,0.0,0.30039138943248533
0.5835093519889215,0.2928812686862173,0.09957825878180358,0.6306706582287889,0.5455485007337042,0.396197134432768,0.2827526693646777,0.869193490455427,0.6743084293723096,0.5931946747171031,0.5248274992937145,0.18487819398879402,0.60866696,0.35990031588449656,,,,,,,,,,,,,,,,,,,,,0.5042147269681145,0.2736372981613562,0.24257250934552957,0.651036336900454,0.2024901825038177,0.432706520501464,0.1606129062813473,0.1631572439361693,0.2976803639510769,0.4110454488832371,0.6481571895406758,0.7452915248720948,0.584849761714487,0.4760136848037688,0.4660755841380865,0.08244715300446545,0.0,0.0,0.0,0.0,0.0,0.0,0.0,0.0,0.0,0.0,0.0,0.0,0.0,0.0,0.0,0.12915851272015655
0.4414328919728412,0.1378084900042976,0.2917006417246673,0.8162644098807489,0.26622554753010585,0.11568836462993003,0.26830523562489517,0.7176745893513912,0.582932464041162,0.5945451176778809,0.6464800243606382,0.05159770155855927,0.7561304,0.36784271272435604,,,,,,,,,,,,,,,,,,,,,0.6108074694898753,0.07593918923536276,0.017151032023375083,0.5037028625403743,0.1672588443144471,0.35805001494631367,0.14896133469255232,0.2989608118579124,0.4891988753559934,0.5202275590510607,0.527247053249125,0.409868405220129,0.3191600755680471,0.3610387124250695,0.3108865472570949,0.1203851447153403,0.0,0.0,0.0,0.0,0.0,0.0,0.0,0.0,0.0,0.0,0.0,0.0,0.0,0.0,0.0,0.11448140900195694
0.3167877887034358,0.05766798590562332,0.6334013448055285,0.9208072070227783,0.5164837271910253,0.20683301576434157,0.054844786446146446,0.7589677262953345,0.6925114268661681,0.8852093174444832,0.7813604453989935,0.3051797061653253,0.31093627,0.3758140869622595,,,,,,,,,,,,,,,,,,,,,0.8016826416909498,0.12642169356374186,0.21397802898333793,0.5257162445173901,0.33093897627856433,0.44340386520560227,0.7931852767120818,0.7887323144484972,0.45623265954739584,0.6702610085829527,0.6409288189280153,0.49464020493269434,0.6782138491082415,0.5271076536143525,0.5391676043016301,0.21862465766625025,0.0,0.0,0.0,0.0,0.0,0.0,0.0,0.0,0.0,0.0,0.0,0.0,0.0,0.0,0.0,0.2759295499021526
0.6560931813954229,0.19849530405428234,0.5256980727166594,0.741118882981609,0.7693099816794875,0.32477903361816235,0.1560376997835487,0.8533117115778803,0.8418707617803651,0.7539103376621694,0.5701919956981368,0.30444691272517727,0.55670553,0.38379536322788427,,,,,,,,,,,,,,,,,,,,,0.5788761962855823,0.26539912281019423,0.02821731699223098,0.3584547304838008,0.28379617465809015,0.143175126253069,0.644841460165514,0.6527685007425932,0.4414971820094327,0.39423724156320794,0.8119711833245123,0.6604968752562754,0.7535625970641938,0.6939796813439248,0.48193455671382296,0.22749795110434956,0.0,0.0,0.0,0.0,0.0,0.0,0.0,0.0,0.0,0.0,0.0,0.0,0.0,0.0,0.0,0.07142857142857142
0.47431946973014494,0.1972671307173462,0.5953730082629757,0.7426067142791202,0.744584047274753,0.3921651717822345,0.12398316373467662,0.6266171902455765,0.7408367999812637,0.7898230914656363,0.6027715252646317,0.3224804102338798,0.75905323,0.391805399549211,,,,,,,,,,,,,,,,,,,,,0.6156522116946906,0.17703401790929532,0.19406720411406617,0.7187773261829679,0.3277672869814048,0.24359445447018077,0.8024850691910004,0.6954602103202483,0.5072647422088296,0.4611767999759365,0.6042620332892908,0.4239640611041628,0.7849355253110505,0.5563573507435061,0.5044152748213655,0.2494915584562411,0.0,0.0,0.0,0.0,0.0,0.0,0.0,0.0,0.0,0.0,0.0,0.0,0.0,0.0,0.0,0.3013698630136986
0.438603411935953,0.06974827301078942,0.9996301284162306,0.9046468456925351,0.7053110698504326,0.21281202445465927,0.0,0.7401648082298846,0.8605738743098215,1.0,0.7177033670467989,0.4797716034259104,0.35455424,0.3998161742234247,,,,,,,,,,,,,,,,,,,,,0.7703161258139507,0.4264445582067708,0.15004000879519888,0.5775696908926643,0.3007420283192624,0.19003067905514895,1.0,1.0,0.9561392901524011,0.502653727167842,0.6447144918904807,0.592128166314416,1.0,0.5632850642011872,0.9463214178735955,0.6956752677274064,0.0,0.0,0.0,0.0,0.0,0.0,0.0,0.0,0.0,0.0,0.0,0.0,0.0,0.0,0.0,0.34442270058708413
0.6738723607593192,0.20737062590454428,0.7383281340555917,0.7304068061330237,0.9116958378922742,0.3830112296899348,0.12263378123531511,0.7937293963535305,0.8968604667530538,0.8104725417649297,0.4878548897180536,0.606884656898751,0.5483311,0.40789428215715295,,,,,,,,,,,,,,,,,,,,,0.5218568227648607,0.3818943984834123,0.23742076702125764,0.6229632215685612,0.12542988579756328,0.2769766172029149,0.5332534200208059,0.5103319429340769,0.7130840491991527,0.3080312748145935,0.679719574253717,0.7726398678079598,0.5177753925237749,0.6666141695960246,0.6246962747617357,0.7936110862097076,0.0,0.0,0.0,0.0,0.0,0.0,0.0,0.0,0.0,0.0,0.0,0.0,0.0,0.0,0.0,0.2181996086105675
0.5588399127971944,0.2428576269403527,0.818015834910234,0.6882626145308091,0.8464975002328295,0.34294287213032515,0.1297386625861633,0.7744227027008532,0.8122234950651364,0.806293351859245,0.5104311108726133,0.3360726478358713,0.61760026,0.4159696461780152,,,,,,,,,,,,,,,,,,,,,0.5398477127570781,0.44723717792140616,0.3682447960542969,0.7837836018538326,0.09894822684203544,0.2878663756447329,0.5271707548964412,0.5152118517067251,0.7244265342793285,0.35177130663100087,0.5307049105758869,0.6305090119682178,0.6869545390622877,0.5865839757408366,0.4794289576799103,0.8803792131290282,0.0,0.0,0.0,0.0,0.0,0.0,0.0,0.0,0.0,0.0,0.0,0.0,0.0,0.0,0.0,0.09001956947162426
0.3683772695512091,0.22408377327760254,1.0,0.7104224733341299,0.8288196008565892,0.5010853201554737,0.01871108633587309,0.7851466226722613,0.7899585072080318,0.9744400683244734,0.6835975958974372,0.39788361080098594,0.3753914,0.4240064245911375,,,,,,,,,,,,,,,,,,,,,0.732587017781606,0.48250764732497353,0.5672002863566487,1.0,0.24341851565108863,0.4354021345812313,0.4578357372790785,0.8836057224637832,1.0,0.4999103681813509,0.45171120934435355,0.6392335198686385,0.5816946088352783,0.5533666226831279,0.8802481395135853,1.0,0.0,0.0,0.0,0.0,0.0,0.0,0.0,0.0,0.0,0.0,0.0,0.0,0.0,0.0,0.0,0.11350293542074363
0.8079444712554271,0.40455819423238565,0.5232561039862491,0.5093410882742605,0.7649320065617373,0.4562756628697028,0.24232077429328905,0.8354492885348376,0.8682156369161919,0.6539933083737914,0.49438228134720724,0.4489502597824225,0.64669305,0.43203919325238216,,,,,,,,,,,,,,,,,,,,,0.49173462382207744,0.4047697859959045,0.524413804507763,0.6329066234047422,0.12929464378627348,0.21548142751444713,0.10758176423214914,0.4225181710904543,0.24405393907897477,0.3993121954646073,0.5561245811010048,0.6574034790648755,0.39118421473249043,0.8658925848802287,0.8407098008959455,0.5224320300625862,0.0,0.0,0.0,0.0,0.0,0.0,0.0,0.0,0.0,0.0,0.0,0.0,0.0,0.0,0.0,0.003913894324853229
0.6108109707685007,0.36529371750025547,0.4754048626433383,0.5508985435064839,0.5416134221118818,0.36111028323945815,0.27043934212181,0.6570843200373158,0.7161495604488709,0.6259119361591684,0.5796705113832396,0.5949635223391454,0.566379,0.44009213261456465,,,,,,,,,,,,,,,,,,,,,0.5585027278975296,0.48263974055092246,0.41870335905658207,0.6421026101994015,0.2972614040204459,0.11683190473655519,0.11322978303028708,0.47604123569778267,0.29346488084401223,0.4480480857543285,0.671137983581901,0.27655651419704047,0.3762622079329515,0.8456204582735237,0.6843168946461915,0.35387611715500245,0.0,0.0,0.0,0.0,0.0,0.0,0.0,0.0,0.0,0.0,0.0,0.0,0.0,0.0,0.0,0.22504892367906065
0.4862537275812428,0.361950811912008,0.7067889927833388,0.5544907254361592,0.607416801716218,0.3989420349462605,0.2483381267274213,0.7603435543003885,0.6491122797984727,0.6472811176614044,0.6242561376096443,0.6292889404364279,0.21864279,0.4481893861011299,,,,,,,,,,,,,,,,,,,,,0.6024184084467739,0.4131292606071771,0.3699526810656464,0.5598944703999565,0.28538359727128576,0.15291320260980967,0.3018400415877623,0.647327296665699,0.3290061240577707,0.4991894819678839,0.5565236532108649,0.29718887468202576,0.21287681493570615,0.7545428457217854,0.9707831525366468,0.42188886135855674,0.0,0.0,0.0,0.0,0.0,0.0,0.0,0.0,0.0,0.0,0.0,0.0,0.0,0.0,0.0,0.37377690802348335
0.6577612980710654,0.43844494137286916,0.429783527028381,0.4743959731685993,0.7162248501643063,0.5520240013770257,0.28257591574627766,1.0,0.7349534162884107,0.6097401735467557,0.5149501153358866,0.5746688855112351,0.5665283,0.4562717883474187,,,,,,,,,,,,,,,,,,,,,0.4994014385909356,0.46406446134328044,0.4270962160638405,0.4326515208032959,0.24383040453063962,0.3646953798821646,0.36559969615239557,0.2654939336762364,0.2195944912812695,0.4153707367212725,0.60163353846374,0.6107150556624218,0.3854301911001571,0.9585705784114614,0.8380193830587709,0.2910095151348947,0.0,0.0,0.0,0.0,0.0,0.0,0.0,0.0,0.0,0.0,0.0,0.0,0.0,0.0,0.0,0.19667318982387474
0.3555263013473457,0.37514638003443307,0.48814609003027226,0.5403609366679739,0.5393530787247969,0.5319080084799063,0.25816015681305193,0.7008614877804699,0.5655710291106253,0.6522922602392426,0.6478635043297952,0.5511387420541617,0.69313055,0.4643605818996075,,,,,,,,,,,,,,,,,,,,,0.6246104860071688,0.6245582609286705,0.474376322849144,0.7451889473105133,0.4260943865863319,0.4773872831627829,0.4614295817484306,0.29976961930522994,0.3489244635270552,0.5563703430150704,0.47046835207545434,0.34056664864751035,0.39698096454327403,0.6923755621565052,0.588588190850948,0.2467162148339738,0.0,0.0,0.0,0.0,0.0,0.0,0.0,0.0,0.0,0.0,0.0,0.0,0.0,0.0,0.0,0.0675146771037182
0.47503333346509313,0.03329752512325333,0.5332164954247635,0.9538564103148014,0.023143556176348955,0.08059316686930698,0.12801400406274727,0.8268423890962643,0.753360487464279,0.8070127324125025,1.0,0.4708836693190679,0.38836694,0.4724389793191073,,,,,,,,,,,,,,,,,,,,,1.0,0.42743435992218787,0.2328194971982038,0.4771747711254278,0.23294592846740383,0.248266990512017,0.38757132146117296,0.28109449358016797,0.5033824487700181,1.0,0.23666924080586965,0.45827130394533766,0.3909541148834497,0.4731966177659448,0.6161502114397738,0.3361549250263326,0.0,0.0,0.0,0.0,0.0,0.0,0.0,0.0,0.0,0.0,0.0,0.0,0.0,0.0,0.0,0.9921722113502935
0.7851115637270147,0.0,0.20986639185191827,1.0,0.0,0.0,0.11983472882450293,0.7494165357777568,0.9843853686977657,0.8214301644669092,0.9600834529397081,0.4812810299827078,1.0,0.48050943393854834,,,,,,,,,,,,,,,,,,,,,0.9624022799548339,0.46024254888195276,0.19311170580184492,0.5100638415666068,0.24325936939475118,0.14319753395164234,0.2415859174306912,0.09930822272626079,0.577556648448697,0.9002018767486615,0.561598479935124,0.43801281066153797,0.37853298805994456,0.6022193428739561,0.7000259202090663,0.2705678001912927,0.0,0.0,0.0,0.0,0.0,0.0,0.0,0.0,0.0,0.0,0.0,0.0,0.0,0.0,0.0,0.14677103718199608
0.6042879965929617,0.04862473005051167,0.2602777602799411,0.9330006236818332,0.09287854718912535,0.021131159926340095,0.1669410359644334,0.7317685793933282,0.8021166242729106,0.7487342883251732,0.8253398585006271,0.37193114975855834,0.6758596,0.4885553359873577,,,,,,,,,,,,,,,,,,,,,0.8117354388248292,0.37146964605238,0.23024748796732677,0.7800057863915402,0.28704112299713497,0.22185754822524253,0.2737912059580066,0.12133081761321918,0.6666227983416966,0.7036776396822184,0.6267903632861815,0.3001537625087649,0.3469908919446551,0.46268171334456343,0.6644222491068454,0.20898419375050872,0.0,0.0,0.0,0.0,0.0,0.0,0.0,0.0,0.0,0.0,0.0,0.0,0.0,0.0,0.0,0.14774951076320939
0.2352782137106036,0.12569204845110224,0.5787166875157951,0.8316741836398381,0.3463805269061526,0.34242129877688565,0.12422388188405456,0.8478427154368753,0.5773639290427398,0.7973594861001839,0.8559599819004073,0.47149424352279945,0.3170351,0.49659136469252724,,,,,,,,,,,,,,,,,,,,,0.8527585217347854,0.2685077340723795,0.24783767688018266,0.7564562228094113,0.3473627722067179,0.16311754995675756,0.5469141864964682,0.49843845944647813,0.4513478948391789,0.7849483101658359,0.5125073264867884,0.2911359054468356,0.2811223126288025,0.32638756027729693,0.6910345434913006,0.2656575587173778,0.0,0.0,0.0,0.0,0.0,0.0,0.0,0.0,0.0,0.0,0.0,0.0,0.0,0.0,0.0,0.10371819960861056
0.6707847634035438,0.2305265233927375,0.44745450133848763,0.702783552475711,0.49540907800957695,0.30540477152834666,0.24500218712210078,0.930771891832254,0.7779966708457052,0.655573428001176,0.6213327782828529,0.6207408885961506,0.5371484,0.5046385719810583,,,,,,,,,,,,,,,,,,,,,0.6016466840929493,0.4579065552910242,0.0264787530898899,0.5599007790230929,0.1900242012993666,0.08485524141532214,0.3719697664424568,0.4127292847187779,0.26801321086381547,0.5089873625922413,0.6478453992617887,0.4629997082992131,0.3111033354786444,0.7572274916469781,0.9007597948382645,0.13594367115490733,0.0,0.0,0.0,0.0,0.0,0.0,0.0,0.0,0.0,0.0,0.0,0.0,0.0,0.0,0.0,0.15655577299412915
0.5839180759087684,0.3472431917366373,0.6242053520895174,0.5703974904814731,0.6617993402836914,0.5210756604314986,0.2749821665185082,0.6741771176994108,0.690037915113476,0.6143983062768358,0.5552845723,0.5797847847152973,0.79122776,0.5127261815966371,,,,,,,,,,,,,,,,,,,,,0.5348646164956197,0.4047738563668749,0.02702414295765675,0.5269410299131501,0.16758402915089474,0.20950629914634647,0.4033322817481736,0.4832326644474966,0.26163115698049616,0.4635915876089434,0.43907769801662866,0.5955648808855811,0.32728476613522994,0.6819287460261986,0.7569642500008673,0.30771069585827127,0.0,0.0,0.0,0.0,0.0,0.0,0.0,0.0,0.0,0.0,0.0,0.0,0.0,0.0,0.0,0.03718199608610567
0.32090681448671016,0.21134583841896254,0.7685802950127694,0.725631413701417,0.4149507179791639,0.2851662030548702,0.21313489191110674,0.7282839620028019,0.5750699328619425,0.7018501445707809,0.7321537770512306,0.4621137517517273,0.21170977,0.5208172006504992,,,,,,,,,,,,,,,,,,,,,0.7126975846528855,0.5316420188625058,0.12999808888423225,0.35982150906993754,0.14195843014056633,0.23331522211692726,0.5666068667042456,0.8101148960171692,0.23032486050920234,0.6843455741598832,0.20530424013091897,0.6015525286534311,0.23888250339987535,0.7130040804532144,0.658713967479198,0.34339636387025735,0.0,0.0,0.0,0.0,0.0,0.0,0.0,0.0,0.0,0.0,0.0,0.0,0.0,0.0,0.0,0.03131115459882583
0.7331291853074926,0.13481012737746673,0.3394040713714809,0.8200649095560512,0.34214068688035626,0.18719932405808246,0.19973455534951956,0.8133853257644365,0.861951686663514,0.7105835921623016,0.6939959616250649,0.48214506179228345,0.6026761,0.528872546830585,,,,,,,,,,,,,,,,,,,,,0.6794346730955059,0.42996996916666314,0.15162474483507196,0.22038657583361326,0.049813269703248154,0.2667312156837332,0.16490633240267968,0.42341217096929984,0.3191663696646167,0.5937637499897837,0.5951683637779523,0.6833503254985578,0.4029048292903773,0.6635592504223151,0.4722609425316457,0.3119298239600342,0.0,0.0,0.0,0.0,0.0,0.0,0.0,0.0,0.0,0.0,0.0,0.0,0.0,0.0,0.0,0.1643835616438356
0.4728679813626847,0.3480627549685509,0.4154305055728831,0.569506693791359,0.5537588570124153,0.42307143715738493,0.2925943527961497,0.7596202076803956,0.6048232012950377,0.5966281620277634,0.5220376686776583,0.49400685364835156,0.6866654,0.5369500112193845,,,,,,,,,,,,,,,,,,,,,0.5025821616579362,0.4467170399174762,0.3725288890288765,0.543526309664187,0.3600628604218673,0.42559254493348325,0.19493489329744595,0.4269730078369635,0.3643212907662601,0.3800159339989726,0.6394751999324333,0.5571121249291021,0.28844836914022737,0.4693601105775172,0.2715451430955551,0.4300228414104026,0.0,0.0,0.0,0.0,0.0,0.0,0.0,0.0,0.0,0.0,0.0,0.0,0.0,0.0,0.0,0.11154598825831702
0.2658252546598999,0.09209243058820976,0.43168755389550184,0.8751369405371756,0.3471681261699849,0.33307361424533966,0.11079575885977964,0.8052784260766896,0.6222021344300681,0.8336277885230303,0.7913475938014898,0.4715908602991049,0.24588788,0.5450147589378498,,,,,,,,,,,,,,,,,,,,,0.7988590934376596,0.46102559835067414,0.4531025993993131,0.5410595864823452,0.4737192232216031,0.4737510209729989,0.19760970333880457,0.5103134936169396,0.7886044687339058,0.6397407456570429,0.5828769022374926,0.3859797194924416,0.2577770549526528,0.4471549222459552,0.3325688150901919,0.3268916361166831,0.0,0.0,0.0,0.0,0.0,0.0,0.0,0.0,0.0,0.0,0.0,0.0,0.0,0.0,0.0,0.16144814090019569
0.43053915253433367,0.09369028727183926,0.12505819624695771,0.8730453953931201,0.20347876377821145,0.22739753426856338,0.16738321030217493,0.8320361585556022,0.6800406360572672,0.7461863743105197,0.803624413136323,0.3858938877649738,0.80365926,0.5530544224497155,,,,,,,,,,,,,,,,,,,,,0.7902502637917499,0.3557376662210881,0.45657616151999114,0.5695724935802815,0.679212308455611,0.46510978051073976,0.2103287087635313,0.16753505794159065,0.581128782012114,0.6595884034366423,0.8207667723211517,0.4344442920946401,0.23521537895092412,0.31195820907302946,0.3200077987146093,0.21348027780337886,0.0,0.0,0.0,0.0,0.0,0.0,0.0,0.0,0.0,0.0,0.0,0.0,0.0,0.0,0.0,0.03228962818003914
0.628626909218991,0.12810882358270964,0.19478493742538364,0.8285894822283659,0.19514383202481134,0.04665187789115167,0.24271264589853253,0.7179724743786559,0.74942726570227,0.6549595577402324,0.7080926708092472,0.3561821492277344,0.7744009,0.5610634322092584,,,,,,,,,,,,,,,,,,,,,0.6799836851422171,0.4181046287509438,0.18815718380752305,0.5610158657919896,0.509983859939087,0.20596074040845072,0.06954982023659657,0.23863956263601588,0.5953952361656537,0.5557601467079294,0.6515097709145764,0.38411231922682515,0.19744933333997766,0.4086819964455948,0.3987102774178706,0.30746237931692044,0.0,0.0,0.0,0.0,0.0,0.0,0.0,0.0,0.0,0.0,0.0,0.0,0.0,0.0,0.0,0.02054794520547945
0.2926352568695017,0.08475561347474728,0.5074062771964312,0.8847725799931353,0.34291402004297294,0.2953271729082953,0.16956582300914125,0.5971773869033059,0.5811946702723934,0.7408855743167471,0.7733841176191982,0.4987164354441796,0.32944563,0.5690971653670481,,,,,,,,,,,,,,,,,,,,,0.7602361175271742,0.32265381755103,0.14903122721674367,0.8402680042069135,0.4120603383468306,0.38635868739295626,0.3448245870196583,0.437433315416481,0.5398437074186986,0.6736457477719461,0.49363888144230783,0.26955261823562193,0.13685940794842752,0.2812613206343306,0.45531680956761134,0.25671411471425354,0.0,0.0,0.0,0.0,0.0,0.0,0.0,0.0,0.0,0.0,0.0,0.0,0.0,0.0,0.0,0.046966731898238745
0.5437634007339017,0.18170429636007293,0.38810769303092774,0.7615762235243287,0.6167509162027699,0.32997245685387216,0.2182695641115362,0.906267018105409,0.712275195873143,0.682007465883867,0.5329558096481086,0.5761462891919862,0.47006503,0.5771687151802966,,,,,,,,,,,,,,,,,,,,,0.530571615472586,0.37544777622089975,0.04745833135414959,0.7441321798559681,0.2898461182147888,0.19552905807878368,0.32041447048150007,0.44903538394173165,0.37023945479824927,0.4105496520956011,0.6575867933795965,0.5303622053404552,0.10174567744732742,0.3342726131466497,0.75522365212433,0.19817246782393017,0.0,0.0,0.0,0.0,0.0,0.0,0.0,0.0,0.0,0.0,0.0,0.0,0.0,0.0,0.0,0.32778864970645794
0.475064128705093,0.45128107922589794,0.49713757197156766,0.4613762743772028,0.9766728510680749,0.7629128945592423,0.32026932530189844,0.65288462876148,0.5849259775525685,0.5661334488764789,0.34699791521006773,0.4844451910099585,0.44640028,0.5852472650039312,,,,,,,,,,,,,,,,,,,,,0.3533699013905403,0.46821706340782604,0.322689041765242,0.7489903027892656,0.2154941761160689,0.40156431733729925,0.36079555147521747,0.4326028218199891,0.15880758550333893,0.26631604400777265,0.5520592561878707,0.5612865782564715,0.17040844383154227,0.3834177973695646,0.644090667738543,0.24304237397581355,0.0,0.0,0.0,0.0,0.0,0.0,0.0,0.0,0.0,0.0,0.0,0.0,0.0,0.0,0.0,0.0
0.40214285748469164,0.30292305102680417,0.4414708019018527,0.6193586452295896,0.7546115735633436,0.5506099554650716,0.324119998823395,0.6341748583670546,0.5352602521924182,0.5619648076249966,0.42580624507126125,0.5728014454345545,0.25045428,0.5933208276279838,,,,,,,,,,,,,,,,,,,,,0.41526140438505416,0.4699482255723526,0.1674923940606816,0.5500856383193694,0.12055911339510242,0.29017068488950326,0.3277363065510542,0.38077179898263847,0.24242557504779705,0.36362608976791905,0.35734651018793845,0.4430319648701789,0.12536993096523452,0.2789812602068568,0.4586330690036567,0.169800706615035,0.0,0.0,0.0,0.0,0.0,0.0,0.0,0.0,0.0,0.0,0.0,0.0,0.0,0.0,0.0,0.10763209393346379
0.6435272504040801,0.4109900434250767,0.2632759510197353,0.5026436286902237,0.6900794798783455,0.5274308201742748,0.37601374454388314,0.6182092230121189,0.6476672264886667,0.505178364014883,0.38591395852933574,0.5505265418017947,0.48120114,0.6014183444243859,,,,,,,,,,,,,,,,,,,,,0.3712959046450457,0.4925512890077484,0.2667940450853142,0.2801571228297808,0.12618048043977698,0.3252186764262739,0.25770408783348464,0.11390937551930047,0.3578002631046319,0.2792743492967134,0.4977241006580781,0.7832097213522009,0.25337514872555983,0.2516668708323336,0.4699457667122083,0.3897615576838006,0.0,0.0,0.0,0.0,0.0,0.0,0.0,0.0,0.0,0.0,0.0,0.0,0.0,0.0,0.0,0.25440313111545987
0.8676201100819784,0.5175765592234944,0.14199306289294275,0.3959743429380942,0.5802524988386015,0.3746020542105011,0.5113649963842112,0.6424165898892364,0.6803649582008671,0.37207722411349303,0.3167983842949154,0.580530473333023,0.29609653,0.609504535523202,,,,,,,,,,,,,,,,,,,,,0.29046650107866756,0.5630159104439453,0.3088091617449013,0.056896122829050814,0.12470804924664862,0.2549542150415481,0.043452011991569936,0.06500128263796723,0.2651136422039682,0.19632088188305452,0.5768759851510953,0.7371098242072877,0.3088978074851983,0.31027797517293493,0.19229577192293462,0.37678475301816505,0.0,0.0,0.0,0.0,0.0,0.0,0.0,0.0,0.0,0.0,0.0,0.0,0.0,0.0,0.0,0.11643835616438356
0.63738971220436,0.47102030590195093,0.2762298866571037,0.44158345335250354,0.5321236433766469,0.39344918540651896,0.4669273841589107,0.5796927464532277,0.5755043768365501,0.4133483254763154,0.3696683015859539,0.744368918018382,0.28744116,0.6175863350845574,,,,,,,,,,,,,,,,,,,,,0.33980648814596476,0.5316766075551478,0.2608463519560363,0.37377142208000724,0.17433471529799907,0.19620906852864714,0.0494909743602789,0.1101535565381156,0.5129176663738978,0.22196331795426308,0.473762696340728,0.5616222615871893,0.22789733484765215,0.3860558130722463,0.17317622236001082,0.36795862377978494,0.0,0.0,0.0,0.0,0.0,0.0,0.0,0.0,0.0,0.0,0.0,0.0,0.0,0.0,0.0,0.13307240704500978
0.6863556201528661,0.49548815976320776,0.330661647081467,0.4174277190028064,0.739547915032821,0.5345204357732839,0.384717381497905,0.7824899311923619,0.6736481674709889,0.5041128301334588,0.3729581783612502,0.6714414269863419,0.3492289,0.625721922269694,,,,,,,,,,,,,,,,,,,,,0.36079055677263017,0.6008139424908665,0.3649879955517455,0.44861943879286703,0.2198808677483226,0.17441413673583925,0.09507692609643019,0.19130240137184518,0.35636455798300826,0.25466780002977824,0.5255661595136428,0.6375569744642061,0.2807765346840465,0.5613634404186355,0.5095309176777694,0.4001224236267564,0.0,0.0,0.0,0.0,0.0,0.0,0.0,0.0,0.0,0.0,0.0,0.0,0.0,0.0,0.0,0.022504892367906065
0.8322449196386122,0.6158354419911135,0.3350091474082557,0.3044421906428351,0.7367727281375447,0.5078582921860748,0.4378131612718599,0.6922928418493094,0.7195548326302896,0.4473214574924011,0.3573416320631033,0.6158854331223954,0.50852317,0.6338290764615031,,,,,,,,,,,,,,,,,,,,,0.3368898298076715,0.5901276456970279,0.36798386308878045,0.5450596432011316,0.47393188293836913,0.19176884532875624,0.09874718981659693,0.192640352131043,0.24305832190289567,0.24678463813595009,0.49250091562195825,0.5737661905407188,0.6826686240298464,0.9745289450617917,0.5621825382277855,0.346631695789194,0.0,0.0,0.0,0.0,0.0,0.0,0.0,0.0,0.0,0.0,0.0,0.0,0.0,0.0,0.0,0.22798434442270057
0.6427607707150698,0.3802854704783571,0.27764282870206364,0.5348939147996444,0.5446489511617557,0.3190089493801665,0.3517606065460227,0.6259319421477035,0.6692766161539867,0.5348076811012998,0.4518898614580662,0.39791133643812077,0.32302764,0.6419181264831277,,,,,,,,,,,,,,,,,,,,,0.4308473008753418,0.5220123950147343,0.3483548615842791,0.6569216091184826,0.44805058038681606,0.16440422790793977,0.17998115275993576,0.18067256828437722,0.2760947383206357,0.3820840405430187,0.3379221483402651,0.37857205192304916,0.6564446413949764,0.7996046260217698,0.4554488098167678,0.27181398233795867,0.0,0.0,0.0,0.0,0.0,0.0,0.0,0.0,0.0,0.0,0.0,0.0,0.0,0.0,0.0,0.11643835616438356
0.8218310784483315,0.3478985609908995,0.3429469854390738,0.5696851170273388,0.42317703327310013,0.21272413520719477,0.3415657578101475,0.6058764097137952,0.7877042374129458,0.5410519101455294,0.49644701577882294,0.49494648820197246,0.47722003,0.6499567216155581,,,,,,,,,,,,,,,,,,,,,0.46916584493095914,0.4568607270123763,0.10784253168837965,0.6005118415160585,0.4037065095288662,0.10718107493331294,0.2890494372897194,0.19820962391247998,0.11841849562749204,0.4494965033600336,0.35763100863393965,0.6347042682511386,0.5493647388853751,0.7820360043663979,0.5226690691802882,0.3071618685772185,0.0,0.0,0.0,0.0,0.0,0.0,0.0,0.0,0.0,0.0,0.0,0.0,0.0,0.0,0.0,0.9275929549902152
0.8322723600653249,0.4609871324426256,0.20147509363436722,0.45160945458403445,0.5173490000579432,0.38656632688159187,0.42630657576716835,0.7621237178884297,0.7210407233911859,0.44916326294327175,0.39693926392150586,0.5217393936972626,0.4709829,0.6580199462047276,,,,,,,,,,,,,,,,,,,,,0.36866087247236856,0.45403319435201384,0.15732632428017582,0.6692756793934873,0.38137889590888324,0.09527360494412367,0.2642688085467759,0.09353365706524029,0.12691890568072875,0.32260835618650596,0.48379531181469376,0.6209558053440748,0.5052923517855762,0.7035638276184533,0.23301210094711708,0.26359508413959215,0.0,0.0,0.0,0.0,0.0,0.0,0.0,0.0,0.0,0.0,0.0,0.0,0.0,0.0,0.0,0.952054794520548
0.6885271669858536,0.38661763477007316,0.36166919770001243,0.5281851738685709,0.4207165739781404,0.2521214311457031,0.4819863147978597,0.5845129742021868,0.5941978266151766,0.3975206819003592,0.40852980134795397,0.5910239577982046,0.25589204,0.6661123308762512,,,,,,,,,,,,,,,,,,,,,0.36767388953773855,0.5128702939632316,0.0,0.509874484895812,0.1530880344210289,0.09599152088286259,0.27443942479339845,0.09904246079000219,0.22597449216267898,0.33363768550511114,0.36344577695910973,0.4349350878078753,0.13332931032550718,0.3250737179788977,0.3461011216212685,0.3694069069762365,0.0,0.0,0.0,0.0,0.0,0.0,0.0,0.0,0.0,0.0,0.0,0.0,0.0,0.0,0.0,0.1086105675146771
0.6040282716248897,0.5765423489664459,0.4046662553588176,0.34029793141454995,0.5823568498595997,0.42890665953449053,0.5900784978177712,0.6511006424288731,0.4707667843518795,0.2980661351418616,0.310210462981191,0.7146217655996631,0.29002994,0.6742026947109002,,,,,,,,,,,,,,,,,,,,,0.27124826487952575,0.5505497059832507,0.25859795845751243,0.35944548293305895,0.07061304288129133,0.044542762674323146,0.23405727019793915,0.11865663829915746,0.13754673395234843,0.24118073490638386,0.3549210939277091,0.4180163980186847,0.15050599479615437,0.3752148591435921,0.23553215272091066,0.2765000225865663,0.0,0.0,0.0,0.0,0.0,0.0,0.0,0.0,0.0,0.0,0.0,0.0,0.0,0.0,0.0,0.20939334637964774
0.7427757673608328,0.7333350100983969,0.15856394021776768,0.20282179630041064,0.6622184287718335,0.5517177902402174,0.7204560417354867,0.6407622581504654,0.4653208159188271,0.18899239750484162,0.211651203106873,0.6905015810372234,0.14722207,0.6823225018205059,,,,,,,,,,,,,,,,,,,,,0.17757985057541642,0.5777784924389411,0.3431712384451074,0.22362154270576753,0.022673340729464798,0.057303177502252715,0.05069069523013107,0.041382921087022205,0.11674421280107947,0.13124824030071572,0.4494232671789533,0.3434768055665871,0.2137448989750227,0.21410676373633591,0.28042220376750504,0.20910153556828678,0.0,0.0,0.0,0.0,0.0,0.0,0.0,0.0,0.0,0.0,0.0,0.0,0.0,0.0,0.0,0.10371819960861056
0.48666474170407226,0.7204237574400574,0.268252316289838,0.21359363517118252,0.743748252973382,0.6146708323614654,0.7117241339841609,0.5207862350955479,0.33017924819615097,0.1929162921733288,0.1721492737398184,0.5059931474498969,0.22569057,0.6904212711399391,,,,,,,,,,,,,,,,,,,,,0.1497923508417233,0.5348272383760019,0.4466242515353146,0.38900010993883055,0.09154918381603276,0.030769707172583777,0.06262776922329882,0.06143623762571033,0.2358587613171177,0.10202970124307453,0.3136075282666841,0.21886947429374592,0.25326164828324443,0.06818289094147208,0.163250854445989,0.24115391657445803,0.0,0.0,0.0,0.0,0.0,0.0,0.0,0.0,0.0,0.0,0.0,0.0,0.0,0.0,0.0,0.11252446183953033
0.3149489513447079,0.6083030912809448,0.3419913424818039,0.31124036958203327,0.6991311487499171,0.6511964522855263,0.6197330069348245,0.6184625640354969,0.2856035060921513,0.2662717386568401,0.2712818887145456,0.5278449535773723,0.14216971,0.6984918171471379,,,,,,,,,,,,,,,,,,,,,0.2357545787740244,0.47687208734008174,0.4431726429608403,0.13478384943254004,0.07833534991185413,0.05606339049209466,0.3053315608536643,0.13703955320780942,0.16182763791378862,0.21507325747792957,0.2825351904160955,0.2224170605927912,0.15842433014242618,0.0674841102981308,0.11313452789136243,0.21510971189212033,0.0,0.0,0.0,0.0,0.0,0.0,0.0,0.0,0.0,0.0,0.0,0.0,0.0,0.0,0.0,0.27299412915851273
0.5567956854526438,0.5412747051316333,0.2909120748876096,0.3733229700089775,0.7374266141845844,0.5585493223794086,0.5816137420281048,0.4840640901620331,0.44534598922981194,0.30004577347739636,0.2541766574334243,0.521674206880356,0.5190365,0.706575280111613,,,,,,,,,,,,,,,,,,,,,0.22925016740755438,0.47366798101246715,0.14052712706989665,0.18033309927585994,0.053630076522181505,0.05138690016693694,0.2875414970923047,0.1012226949905297,0.14473351695086256,0.19668766469765114,0.3678944855295006,0.27276891837481926,0.28480999595198797,0.03953592928050895,0.2087133255762559,0.22212412411164315,0.0,0.0,0.0,0.0,0.0,0.0,0.0,0.0,0.0,0.0,0.0,0.0,0.0,0.0,0.0,0.1360078277886497
0.3867740536482414,0.5226330448077404,0.3253571166300202,0.3911096993503906,0.6341666988947791,0.5186058300783302,0.6030907104255525,0.5932480401541805,0.3380376252025813,0.28439407100741376,0.2806237553979592,0.572246665515739,0.29087955,0.7146619207615846,,,,,,,,,,,,,,,,,,,,,0.24616377820911636,0.5204488438191285,0.2794267759255252,0.4254670093532418,0.0183061235878025,0.005394174144815474,0.31593348451895564,0.10399140531800832,0.23822046850324527,0.21833490040957743,0.25767945710229484,0.17855727381485012,0.22213470880371725,0.0576124061506801,0.0031926204777068088,0.22831171516951446,0.0,0.0,0.0,0.0,0.0,0.0,0.0,0.0,0.0,0.0,0.0,0.0,0.0,0.0,0.0,0.11154598825831702
0.6063569661335892,0.2667192377779201,0.23796681267405703,0.6605304064203047,0.52531261359114,0.3472256737897597,0.37416292299983206,0.7958186756664601,0.6301887391499862,0.5130243743712634,0.4837853919845538,0.5655842761164376,0.42456082,0.7227437004401744,,,,,,,,,,,,,,,,,,,,,0.45272018867489466,0.5543171043695997,0.18253920462733078,0.369931809985216,0.06695550142180855,0.09302762051826668,0.3560472057430159,0.1262960904347728,0.17695879047297638,0.42983758296869173,0.37528932705341855,0.7581956049143087,0.13307485715371173,0.2731718511032473,0.19706810784849427,0.2607838766717893,0.0,0.0,0.0,0.0,0.0,0.0,0.0,0.0,0.0,0.0,0.0,0.0,0.0,0.0,0.0,0.11252446183953033
0.9992443791090105,0.36797581205194635,0.0,0.5480226455777099,0.5202455540570133,0.2096354067435001,0.4577941692448332,0.6719275089631093,0.8094227208599227,0.43318483869709784,0.3684136624501958,0.8041933769126995,0.47900674,0.730835894857344,,,,,,,,,,,,,,,,,,,,,0.3427690483144086,0.6638720857782826,0.19164162899284026,0.28516825476732705,0.12638184175444844,0.09852690617424949,0.05837974703079066,0.029995431803157634,0.146581764339387,0.2700444860416912,0.6148264227482859,0.9556172629564562,0.16211489530839684,0.49911734549746034,0.20802521999745424,0.2803208763097514,0.0,0.0,0.0,0.0,0.0,0.0,0.0,0.0,0.0,0.0,0.0,0.0,0.0,0.0,0.0,0.07338551859099804
0.779010730879721,0.30418959307564963,0.057374591982785945,0.6179377017930672,0.4552266049045751,0.26749049179740525,0.3760715327162415,0.6912948640334219,0.7407459046687771,0.5158258155280199,0.45038063700087505,0.7838178885460912,0.1785676,0.7389950381034903,,,,,,,,,,,,,,,,,,,,,0.4256477710612977,0.6193671251033027,0.3478840750424296,0.3365898350852221,0.1831201965492021,0.14641491595278452,0.10110472068029944,0.04905614844942436,0.2315991172741952,0.34594997670594757,0.617838770081115,1.0,0.15011747162439446,0.3740090710067861,0.32618068711895376,0.2707406878775375,0.0,0.0,0.0,0.0,0.0,0.0,0.0,0.0,0.0,0.0,0.0,0.0,0.0,0.0,0.0,0.8659491193737769
0.6758022337131968,0.24004570399111538,0.2823114747953196,0.6915624362812536,0.5437707800622182,0.2403802749620535,0.3387446771177602,0.5687924182498629,0.7122802287828105,0.5640515838157384,0.466695060885124,0.6984608830839703,0.49856347,0.7471260901027447,,,,,,,,,,,,,,,,,,,,,0.44922320642786945,0.7012628409432994,0.16981229224811722,0.16632951930397297,0.1688676539010914,0.25325822574168466,0.24437028774667288,0.10599551417771196,0.3571475922104808,0.3461892190164022,0.5898953498755372,0.8870005868126213,0.17272823451581698,0.51350413632944,0.43218764710282714,0.24998242151878616,0.0,0.0,0.0,0.0,0.0,0.0,0.0,0.0,0.0,0.0,0.0,0.0,0.0,0.0,0.0,0.9227005870841487
0.6647991311346305,0.4799881347413144,0.1700409899817862,0.43268176603225506,0.695433177871858,0.3724855287587553,0.5528357696092406,0.7113366537268957,0.536846163078857,0.340023063715617,0.24348200710033693,0.8311217731955068,0.16821729,0.7552541762865236,,,,,,,,,,,,,,,,,,,,,0.22889381137517653,0.6575704573042989,0.20941120193803622,0.22015854581467537,0.12548704885676876,0.20519597717753188,0.22661763870893772,0.07109352211226877,0.12722464824510543,0.1385424636589226,0.655920095598651,0.6246606691070362,0.24314329887848285,0.46903110579138985,0.24329973951137568,0.10652351713609438,0.0,0.0,0.0,0.0,0.0,0.0,0.0,0.0,0.0,0.0,0.0,0.0,0.0,0.0,0.0,0.13992172211350293
0.4576919554554636,0.501283124563621,0.3011022790455527,0.4117671948306073,0.7768611473557105,0.5708396442358201,0.5208316212896623,0.582133032558152,0.4361915177889706,0.3680544956695042,0.26640825099393456,0.658833366998088,0.24927275,0.7633997609457771,,,,,,,,,,,,,,,,,,,,,0.2513975947304058,0.6286417520304358,0.14587328280131626,0.3897097127391093,0.2683927768591555,0.22653469293074482,0.24932066230470212,0.10465091949904518,0.24130436242240208,0.18198600793411876,0.4194523332240808,0.4986014726430006,0.40708329573984225,0.31680112838800656,0.13615600008299572,0.10117747552847121,0.0,0.0,0.0,0.0,0.0,0.0,0.0,0.0,0.0,0.0,0.0,0.0,0.0,0.0,0.0,0.15949119373776907
0.3499577917493214,0.4309366193619761,0.56600216147416,0.4820666101239445,0.8684961461368681,0.5448576853298188,0.42247830800069064,0.6956066453434663,0.4434945661552931,0.47426807245207336,0.30991757200614756,0.5437252139011712,0.4550701,0.771527467897723,,,,,,,,,,,,,,,,,,,,,0.3055466429996645,0.7269878471044514,0.10251956218885422,0.40547319569628915,0.34362205100752025,0.3289393883356745,0.5118212144565739,0.26698004167627654,0.2792588042633824,0.23674926212339653,0.3285940853527392,0.3319785650691852,0.3920067784994146,0.4166473035791621,0.3475447958436284,0.20565973365967055,0.0,0.0,0.0,0.0,0.0,0.0,0.0,0.0,0.0,0.0,0.0,0.0,0.0,0.0,0.0,0.1917808219178082
0.5265159343844679,0.5877140492982396,0.28828744586808175,0.33000415479433637,0.8160828105706913,0.5366299114258275,0.5379205470761957,0.5537851412227768,0.4651762583420028,0.35198603265522255,0.24956956580845105,0.8562998190325002,0.33775142,0.7796319639096924,,,,,,,,,,,,,,,,,,,,,0.23571292668005572,0.6353229777067394,0.1998940074978571,0.4758667201482997,0.33592216463791963,0.16173714302161224,0.2667452043289499,0.16370004347989223,0.017913344627154472,0.20417450772509863,0.4094753621398552,0.25291236131569955,0.4769510522500798,0.7700573174929094,0.2789443045467225,0.0,0.0,0.0,0.0,0.0,0.0,0.0,0.0,0.0,0.0,0.0,0.0,0.0,0.0,0.0,0.0,0.030332681017612523
0.269433724957424,0.4734020257250919,0.42752723781143925,0.4392138202945859,0.6095793361314533,0.49231324958515543,0.48937008047079,0.6648066750474501,0.3465895414305024,0.40079339788684387,0.37498970363682915,0.7204822948239542,0.21810293,0.7877926259072777,,,,,,,,,,,,,,,,,,,,,0.34153252469895906,0.6598594592684007,0.17522981143734007,0.31056129306334207,0.37506599770341664,0.20910916654551617,0.297245928891332,0.23153727343640443,0.09359241539716914,0.32928178443322376,0.3073404481077696,0.0,0.3455364805206699,0.6246075790945841,0.20845056358686442,0.08372588368747158,0.0,0.0,0.0,0.0,0.0,0.0,0.0,0.0,0.0,0.0,0.0,0.0,0.0,0.0,0.0,0.03718199608610567
0.3248465579840854,0.4668571632117177,0.5569877243259254,0.445735021949352,0.6429635235525923,0.5019421135068403,0.42780694910675643,0.5961752696354291,0.4201262670422366,0.4622989258091964,0.41959881530722254,0.585861130122219,0.4819891,0.7959185656644191,,,,,,,,,,,,,,,,,,,,,0.3895595508855921,0.6434377079117034,0.7518274263745497,0.19518785499874156,0.25892626129580554,0.23150353922295314,0.4155941535072978,0.25046434695273734,0.15448689043071212,0.3725838867731513,0.2746276381091034,0.17826171015404643,0.1489017350950937,0.772277419984796,0.42401406592726404,0.22365388224188526,0.0,0.0,0.0,0.0,0.0,0.0,0.0,0.0,0.0,0.0,0.0,0.0,0.0,0.0,0.0,0.06555772994129158
0.6388170286861915,0.7966102812473108,0.4281148442320282,0.15137206443746762,0.6941148673596889,0.6670514372405811,0.672236801672677,0.6317954652974354,0.4407411800711473,0.23116623539439377,0.26193285303063574,0.7911350023839937,0.13369054,0.8039962017928869,,,,,,,,,,,,,,,,,,,,,0.22230267994053435,0.6128609308064552,0.6094083028210787,0.08257570106801806,0.1097659139392533,0.20929771350031603,0.17946514157737833,0.09514209020880222,0.1701990979699401,0.1905999191534582,0.28815813277933133,0.2365897924363031,0.0,1.0,0.3770970021432249,0.25886737960012207,0.0,0.0,0.0,0.0,0.0,0.0,0.0,0.0,0.0,0.0,0.0,0.0,0.0,0.0,0.0,0.07142857142857142
0.31826560982194085,0.735091470032745,0.4282205816622067,0.20136366946474865,0.6857384731041528,0.7481890461426755,0.6930488030158009,0.519840629280668,0.2550379159980089,0.21686112217570483,0.27682691068120385,0.662072429525445,0.1987796,0.8121419204327954,,,,,,,,,,,,,,,,,,,,,0.23089921090744436,0.6567417016853246,0.6924350651230344,0.2640019083114741,0.15943060161546715,0.2521457863620806,0.2049731130310699,0.1353856843815628,0.08780328692721585,0.2356761327468124,0.18990899957062862,0.20486205622417963,0.018890085509349872,0.42158325760376475,0.17351514951850608,0.2628179098172504,0.0,0.0,0.0,0.0,0.0,0.0,0.0,0.0,0.0,0.0,0.0,0.0,0.0,0.0,0.0,0.11643835616438356
0.2942760262672433,0.782197621885425,0.4400790122196306,0.1628985269636811,0.7609396684623131,0.7492154010072444,0.7156373059246125,0.5763005803314255,0.23233260566727,0.20207515286402808,0.1958427706548159,0.7248778599252327,0.27512592,0.8202685999565066,,,,,,,,,,,,,,,,,,,,,0.16844339841867845,0.7162352424225706,0.6232029320839954,0.4371665929765719,0.15971271192663025,0.19792103630024924,0.19821300952731524,0.09779371196367813,0.14610091910609685,0.15810610907400094,0.17205256781136963,0.17157927930451716,0.06755767924034091,0.4176812590865964,0.23262638095656443,0.21798646406490388,0.0,0.0,0.0,0.0,0.0,0.0,0.0,0.0,0.0,0.0,0.0,0.0,0.0,0.0,0.0,0.21330724070450097
0.5813562833772974,0.7381530118053395,0.13966915559330903,0.19882627869090766,0.6491453157504957,0.4876501752243748,0.8031737666191695,0.5738707439677123,0.3357220197437978,0.13040685707200683,0.13861677305542863,0.6289130432408011,0.24826644,0.8283982516800678,,,,,,,,,,,,,,,,,,,,,0.11511507904456444,0.6714933819578592,0.03099194584629065,0.3363662328376276,0.13369089461453057,0.05512824221360777,0.012714155782623023,0.043838490504214615,0.0795049918244564,0.1018223965797229,0.2673025063150449,0.13619187751018047,0.1674308795537278,0.276937982762946,0.28190350262813246,0.07069955991622823,0.0,0.0,0.0,0.0,0.0,0.0,0.0,0.0,0.0,0.0,0.0,0.0,0.0,0.0,0.0,0.14677103718199608
0.5082193854221758,0.8165454347182617,0.3571360379614218,0.13561211967086786,0.5889157140717188,0.5473105989101026,0.803854977356568,0.5609416021391607,0.29626605601550554,0.12863355614555072,0.17924079942270904,0.6440395348457782,0.09374307,0.8365165384877433,,,,,,,,,,,,,,,,,,,,,0.14358548172523894,0.653240513180593,0.10251389090418793,0.3805561956724857,0.2909587861969495,0.07051261142723371,0.018507837613276186,0.06008528998740019,0.15500944296622066,0.12715854089187745,0.21509198177017355,0.06459771220406654,0.18541439394473277,0.33551922046129035,0.29869218757713567,0.19870987717641744,0.0,0.0,0.0,0.0,0.0,0.0,0.0,0.0,0.0,0.0,0.0,0.0,0.0,0.0,0.0,0.14090019569471623
0.3859552105101336,0.6532509187741982,0.3018248181330821,0.27119143091749975,0.5551944693594301,0.484396661624791,0.6616132227324779,0.6093649718490034,0.3059136814770865,0.237474738091099,0.27835727617449446,0.7395857198920597,0.25797525,0.8446207214829615,,,,,,,,,,,,,,,,,,,,,0.23579421084845462,0.5862220523172601,0.15418202105511286,0.530086655761944,0.4168630029362372,0.14521216215414434,0.06846920825568585,0.09989069876855586,0.11862487750515674,0.22561554554062677,0.2861824296262105,0.029654976033093743,0.12662897281490498,0.3397785257449388,0.32526824013523586,0.15795310286204595,0.0,0.0,0.0,0.0,0.0,0.0,0.0,0.0,0.0,0.0,0.0,0.0,0.0,0.0,0.0,0.03816046966731898
0.8395996191417904,0.5745638904259485,0.17284378432641995,0.34212923755963626,0.516022890074844,0.2625516675128174,0.6056397247008722,0.6263900191992803,0.5964382560546821,0.2877607887707631,0.2950165441433066,0.7403721693583559,0.5225968,0.8527524442975434,,,,,,,,,,,,,,,,,,,,,0.25770733727433726,0.6050446047765697,0.09173984113407448,0.08721243875371569,0.36850939320961174,0.13678844410194702,0.0234896593305116,0.06808281397689415,0.0929666640802721,0.22455446952720629,0.4379836051528648,0.16296371545535202,0.295779321541184,0.5421349996729217,0.5593781502602317,0.17670037309056713,0.0,0.0,0.0,0.0,0.0,0.0,0.0,0.0,0.0,0.0,0.0,0.0,0.0,0.0,0.0,0.8923679060665362
0.6456315017158865,0.6085113866880004,0.2630771171262241,0.3110519009640484,0.4676514059875631,0.3217027474018857,0.6380857138361453,0.6259051929946894,0.4707977815224545,0.26641817664607087,0.2911733350262695,0.841895446859156,0.1650165,0.8608899405930044,,,,,,,,,,,,,,,,,,,,,0.25081525042622976,0.7049817963517215,0.24180838683278305,0.0,0.25380645309565675,0.17442511881497164,0.028559116542190167,0.11086929576352195,0.13881085397612342,0.22176477360849092,0.34678224871844926,0.05723880955087743,0.30082567183310627,0.42508421199317065,0.3272821390377796,0.27741652514918713,0.0,0.0,0.0,0.0,0.0,0.0,0.0,0.0,0.0,0.0,0.0,0.0,0.0,0.0,0.0,0.337573385518591
0.5073319907623881,0.5479002652449206,0.4715767378178602,0.36705675472955324,0.5668931153811244,0.3980379959280125,0.5376201172416442,0.548035351429602,0.4615062194155194,0.36260417223754604,0.32874587399475586,0.921281973609305,0.28334495,0.8690611697333045,,,,,,,,,,,,,,,,,,,,,0.29784883366683235,0.7779368324954815,0.32539552418426554,0.05760966969135982,0.2869849121102839,0.18498140863978962,0.0657494452266996,0.1305142525437529,0.3596242521802568,0.23888752559093537,0.2832126292825843,0.07450997259948969,0.358269508220728,0.2779100249003948,0.4751220467789791,0.41027108379321325,0.0,0.0,0.0,0.0,0.0,0.0,0.0,0.0,0.0,0.0,0.0,0.0,0.0,0.0,0.0,0.14579256360078277
0.6612704680301784,0.8788618084749297,0.4193785577386671,0.08768294281536534,0.8143104017368523,0.7683151655392556,0.7110921426753395,0.6322206799771234,0.4435738510885881,0.2184861821581437,0.19213060793623504,0.7850845429504707,0.16232531,0.877246621982656,,,,,,,,,,,,,,,,,,,,,0.1687161066454308,0.9110040946102194,0.3457057295822904,0.17517153322306542,0.15886134682324538,0.13913900158639408,0.039525893931788784,0.05131841556875261,0.3532933239398673,0.09869278312587279,0.24387789275076427,0.16080624529604576,0.6074116720036066,0.3505702463579366,0.5486555535939059,0.2706930032054898,0.0,0.0,0.0,0.0,0.0,0.0,0.0,0.0,0.0,0.0,0.0,0.0,0.0,0.0,0.0,0.16829745596868884
0.3581704800755429,0.8271652814243435,0.4545250326110415,0.12730221957747087,0.7745244741764853,0.7174457158223104,0.7642621429556271,0.6078890755675709,0.24803565479830078,0.17370132943950972,0.16912628957571596,0.8177228050436512,0.20933893,0.8853965386222786,,,,,,,,,,,,,,,,,,,,,0.14422722023746676,0.8773519943514867,0.38975314232187086,0.3702571216811001,0.18407574044705435,0.19739857898417731,0.0606496870744119,0.08650333684204098,0.2368677594191817,0.11452184330567515,0.14074909757822082,0.12317183499035529,0.4802433403040096,0.16475391955468255,0.21667955529853122,0.2221517726386181,0.0,0.0,0.0,0.0,0.0,0.0,0.0,0.0,0.0,0.0,0.0,0.0,0.0,0.0,0.0,0.04892367906066536
0.3930700742405319,0.9571127957512412,0.5391920443732762,0.0302446826111281,0.9350458903200105,0.8478628328651845,0.8592811716406156,0.5187486919611659,0.21593322740430876,0.09871751571655893,0.07953319666786691,0.8157580668530735,0.0,0.893583571095473,,,,,,,,,,,,,,,,,,,,,0.06897917720559764,0.8270450605632913,0.32294114372763216,0.32980199489573847,0.13876575753808032,0.13855083342433977,0.0809820570718861,0.07329054233123937,0.17066704786106743,0.05477922136021823,0.08254189356450205,0.11969714176997272,0.45052751477068176,0.1650089815013874,0.23054019209517812,0.1901756596930918,0.0,0.0,0.0,0.0,0.0,0.0,0.0,0.0,0.0,0.0,0.0,0.0,0.0,0.0,0.0,0.11448140900195694
0.5745215284226577,1.0,0.2917434550501809,0.0,0.8083388415192734,0.6841963584984059,1.0,0.5393872846071793,0.24010720759097534,0.0037485829020024947,0.021653671715784754,0.9893120464883458,0.12041516,0.9017407420259893,,,,,,,,,,,,,,,,,,,,,0.014698462017509684,0.8576021382798085,0.12996368657564672,0.3602196738247508,0.04209550362808953,0.07301277409485901,0.0,0.04169463042370507,0.029532863896351506,0.011852210651693068,0.14288749200997358,0.21068548651484553,0.4203221148379519,0.2282286007923288,0.12805396001187283,0.10932221932147132,0.0,0.0,0.0,0.0,0.0,0.0,0.0,0.0,0.0,0.0,0.0,0.0,0.0,0.0,0.0,0.3512720156555773
0.3565941175377733,0.9889696273203339,0.3308554920153972,0.007697609162910251,0.9008735573051603,0.7620435707341088,0.9965851691169038,0.4283899258746683,0.13138247143462065,0.0,0.0,0.8030931760792495,0.009669976,0.9099444957226909,,,,,,,,,,,,,,,,,,,,,0.0,0.7602742086171986,0.2537229407410175,0.3537467227801729,0.06276025405652734,0.11567676751648484,0.017244549708637456,0.05485672966649139,0.05996794807054205,0.0,0.10755394217010981,0.14285823645198137,0.2766634056292326,0.17445431358517968,0.00436111522354807,0.06146296040362827,0.0,0.0,0.0,0.0,0.0,0.0,0.0,0.0,0.0,0.0,0.0,0.0,0.0,0.0,0.0,0.02837573385518591
0.0,0.8241582786749742,0.49025733321825715,0.12964915897138557,0.5657994203271086,0.6966826178350741,0.8922676964760997,0.5965432963485774,0.0,0.07398730082855698,0.19334557921575796,0.8251018368538698,0.5338585,0.9180982207327849,,,,,,,,,,,,,,,,,,,,,0.14443619578063768,0.8097748718007223,0.3125573351774964,0.308095826684692,0.05008557775681753,0.2834536849892165,0.15434227319715,0.07333728655261894,0.22502472893648057,0.15018849185243138,0.0,0.09685349631214663,0.11198757587578512,0.15792320523375605,0.0,0.11779338678956966,0.0,0.0,0.0,0.0,0.0,0.0,0.0,0.0,0.0,0.0,0.0,0.0,0.0,0.0,0.0,0.8962818003913894
0.4174612262072459,0.8145772327467453,0.41958560997566924,0.1371587279014292,0.5406374965603462,0.6356062308900302,0.7892456071528036,0.5079110727211135,0.266590767087927,0.15450651018171682,0.25654238604072555,0.9914555316415031,0.20970763,0.9262620974452379,,,,,,,,,,,,,,,,,,,,,0.2046034983804605,0.8826923527924964,0.32780410338899507,0.2041717119362256,0.10250788981004792,0.26439135656567725,0.13606551649994356,0.018079870610602386,0.18980190858963364,0.1994889409453617,0.1361474791534351,0.21123819184497697,0.19248335616372655,0.32223555723758424,0.14386813699677303,0.2497740410575585,0.0,0.0,0.0,0.0,0.0,0.0,0.0,0.0,0.0,0.0,0.0,0.0,0.0,0.0,0.0,0.14090019569471623
0.4117731798171491,0.7803589473446757,0.44795819605420667,0.16437706788774523,0.6078690577212199,0.6311233539005336,0.7626926502420227,0.5974706128949633,0.27448712698649474,0.1704981981608294,0.23901176184454476,0.8599235195654975,0.14103816,0.9344599257129522,,,,,,,,,,,,,,,,,,,,,0.19438930246151176,0.8133432231923818,0.3119455111704743,0.06603542626777041,0.0466513433373379,0.2044375313580982,0.13626949220546802,0.065722832357207,0.09173121068329208,0.21300917408532472,0.08369036921780648,0.20494346010177944,0.2524835314135018,0.3561053758757842,0.14925686766107832,0.2819789033959092,0.0,0.0,0.0,0.0,0.0,0.0,0.0,0.0,0.0,0.0,0.0,0.0,0.0,0.0,0.0,0.1223091976516634
0.29335229692225795,0.7159175401331188,0.613068988031484,0.2173754752746012,0.549950100032869,0.6131717881294517,0.6499971523476447,0.5500748678279447,0.27317139894316916,0.26574143951809126,0.3579670768625979,0.8443519959804887,0.32722032,0.9426546717871682,,,,,,,,,,,,,,,,,,,,,0.30229403158919926,0.8490482417670995,0.4790406227861138,0.3555374484105139,0.1522693428266526,0.3400265368399907,0.1837820476782753,0.11982255547411969,0.1581308220423313,0.3232164231488948,0.0414660258824638,0.20929001325649033,0.29463640733187424,0.28170349607969786,0.3201873988378115,0.42269920974019093,0.0,0.0,0.0,0.0,0.0,0.0,0.0,0.0,0.0,0.0,0.0,0.0,0.0,0.0,0.0,0.1232876712328767
0.6068648545452738,0.9357071516206555,0.45045896914041555,0.045662655479369305,0.6172417540544172,0.580280476808646,0.8570074635570413,0.5917304625746118,0.3267919864878965,0.10015598103274932,0.19219433221452384,0.8397693717556493,0.20072639,0.9508286445667185,,,,,,,,,,,,,,,,,,,,,0.1480205226328328,0.8264885758568181,0.17545114590828215,0.25237923178540866,0.03055952337252066,0.10280364361116531,0.021479066347680733,0.09084777658968576,0.16694043680208082,0.14376976651247486,0.07292022535657537,0.2621324705851313,0.33996635543395415,0.2303891429774152,0.36106764768897864,0.4181522204278848,0.0,0.0,0.0,0.0,0.0,0.0,0.0,0.0,0.0,0.0,0.0,0.0,0.0,0.0,0.0,0.07827788649706457
0.28119528714319064,0.8383761194578132,0.4465234453930244,0.11859381604223151,0.6786239021346169,0.7000479616870711,0.798438203278811,0.48446139941179345,0.19208734782481343,0.15074901357283757,0.18698949281428395,0.9872240125232319,0.15380222,0.9589859718231997,,,,,,,,,,,,,,,,,,,,,0.152984022370487,0.9324238085163792,0.29988659467594114,0.4888030006253576,0.08022002519639596,0.18573004374284316,0.05953328679688792,0.08527907322459852,0.18280272128191316,0.14998583787733996,0.06579400336646672,0.08476090918777629,0.2635595883424385,0.26310754787566804,0.2930558914951287,0.279908076999282,0.0,0.0,0.0,0.0,0.0,0.0,0.0,0.0,0.0,0.0,0.0,0.0,0.0,0.0,0.0,0.99706457925636
0.25984950295486736,0.8105078989854387,0.49475261779490765,0.140362889049929,0.6821915297786305,0.6283228841415682,0.8120993965691428,0.5096825503324008,0.1723805306559438,0.13756605504986638,0.1758211686826631,0.8874135224224939,0.17457043,0.9671958882652015,,,,,,,,,,,,,,,,,,,,,0.1426829082535317,0.8897124827158704,0.24989563630468947,0.673814063184852,0.07070455806147767,0.11368303786621568,0.03451236618310741,0.08974577097944805,0.26188724298515215,0.13379226523206275,0.021599963455062182,0.012644933758972509,0.2444333262450748,0.1301799153883827,0.3351133726098393,0.25327765041554695,0.0,0.0,0.0,0.0,0.0,0.0,0.0,0.0,0.0,0.0,0.0,0.0,0.0,0.0,0.0,0.11643835616438356
0.25171305090410323,0.8894547706263013,0.2873937615122563,0.07973193613386693,0.8079771325982048,0.792776010688437,0.864319926498211,0.5788770173752271,0.14547562073207232,0.10207322404605501,0.09914560939345235,0.9787090128393282,0.13265085,0.975381119250381,,,,,,,,,,,,,,,,,,,,,0.08291282854674265,0.948989095192553,0.22246970331252228,0.6597585615834097,0.0,0.15992271178211465,0.06809004059934944,0.03921408862348732,0.12082120315086095,0.08000914890117146,0.1033037553720148,0.1531382031738898,0.2498091393862055,0.14606073682348505,0.2833288422442071,0.08002730478343288,0.0,0.0,0.0,0.0,0.0,0.0,0.0,0.0,0.0,0.0,0.0,0.0,0.0,0.0,0.0,0.2710371819960861
0.5350720864450045,0.8434728089664761,0.24269110323876325,0.1146563454278929,0.7629560072305323,0.5528913332810338,0.884185707856811,0.647688704119687,0.2835515522082674,0.09129848412697715,0.08436061385970392,0.9652581685717615,0.17473984,0.9835773151247938,,,,,,,,,,,,,,,,,,,,,0.07099760241943981,1.0,0.14076395402558958,0.37354221281378114,0.001727951431268121,0.0,0.06910693671172133,0.03244918729669337,0.12590853108852443,0.06062629770564972,0.1262347855507749,0.10420919400206437,0.32539954354819445,0.19466275114411524,0.3034595128802466,0.17574023322340449,0.0,0.0,0.0,0.0,0.0,0.0,0.0,0.0,0.0,0.0,0.0,0.0,0.0,0.0,0.0,0.14383561643835616
0.2416661437102928,0.8586886906552661,0.3374161987422736,0.10298074066131825,0.6983154644034689,0.7343182609307504,0.8838687026422295,0.5949087790421452,0.1270669260422106,0.08122640553889707,0.11762877439797041,0.9391937082534458,0.26366234,0.9917797023829859,,,,,,,,,,,,,,,,,,,,,0.09211757520770728,0.8404364073645244,0.035252862685973683,0.4841077446839657,0.07007989115081636,0.12720528705559117,0.09326103740112479,0.052006640026472505,0.2330046059105622,0.08665462289847511,0.01001908190073179,0.1455946189039155,0.2742062759190248,0.0,0.3701864537808152,0.015152891952727905,0.0,0.0,0.0,0.0,0.0,0.0,0.0,0.0,0.0,0.0,0.0,0.0,0.0,0.0,0.0,0.136986301369863
0.6262488321794843,0.8339495546001211,0.229172834572464,0.12202449309206755,0.6078671404344613,0.6496870946682876,0.8143549755479552,0.5331931925536759,0.3653025909958742,0.1386840279855621,0.19332669580492304,1.0,0.2526049,1.0,,,,,,,,,,,,,,,,,,,,,0.15545100038629336,0.9370794169990481,0.20769244594922026,0.3128564441845707,0.03419513561856282,0.18189284396779282,0.09451941697510004,0.0,0.07700063262083302,0.17347648245709804,0.08679285863757236,0.28194434229449644,0.3136836515669954,0.14214122670997512,0.43640981055145767,0.18019857583987064,0.0,0.0,0.0,0.0,0.0,0.0,0.0,0.0,0.0,0.0,0.0,0.0,0.0,0.0,0.0,0.1917808219178082
